2025-03-16 01:38:38.802 [INFO] [background-preinit] [o.h.validator.internal.util.Version] - HV000001: Hibernate Validator 8.0.1.Final
2025-03-16 01:38:38.842 [INFO] [main] [ku_rum.backend.BackendApplication] - Starting BackendApplication using Java 17.0.14 with PID 71227 (/Users/hyerimac/Desktop/dev/kurum/backend/build/classes/java/main started by hyerimac in /Users/hyerimac/Desktop/dev/kurum/backend)
2025-03-16 01:38:38.846 [INFO] [main] [ku_rum.backend.BackendApplication] - The following 3 profiles are active: "local", "port-local", "oauth"
2025-03-16 01:38:39.758 [INFO] [main] [o.s.d.r.c.RepositoryConfigurationDelegate] - Multiple Spring Data modules found, entering strict repository configuration mode
2025-03-16 01:38:39.759 [INFO] [main] [o.s.d.r.c.RepositoryConfigurationDelegate] - Bootstrapping Spring Data JPA repositories in DEFAULT mode.
2025-03-16 01:38:39.891 [INFO] [main] [o.s.d.r.c.RepositoryConfigurationDelegate] - Finished Spring Data repository scanning in 121 ms. Found 11 JPA repository interfaces.
2025-03-16 01:38:39.903 [INFO] [main] [o.s.d.r.c.RepositoryConfigurationDelegate] - Multiple Spring Data modules found, entering strict repository configuration mode
2025-03-16 01:38:39.904 [INFO] [main] [o.s.d.r.c.RepositoryConfigurationDelegate] - Bootstrapping Spring Data Redis repositories in DEFAULT mode.
2025-03-16 01:38:39.918 [INFO] [main] [o.s.d.r.c.RepositoryConfigurationExtensionSupport] - Spring Data Redis - Could not safely identify store assignment for repository candidate interface ku_rum.backend.domain.bookmark.domain.repository.BookmarkRepository; If you want this repository to be a Redis repository, consider annotating your entities with one of these annotations: org.springframework.data.redis.core.RedisHash (preferred), or consider extending one of the following types with your repository: org.springframework.data.keyvalue.repository.KeyValueRepository
2025-03-16 01:38:39.918 [INFO] [main] [o.s.d.r.c.RepositoryConfigurationExtensionSupport] - Spring Data Redis - Could not safely identify store assignment for repository candidate interface ku_rum.backend.domain.building.domain.repository.BuildingRepository; If you want this repository to be a Redis repository, consider annotating your entities with one of these annotations: org.springframework.data.redis.core.RedisHash (preferred), or consider extending one of the following types with your repository: org.springframework.data.keyvalue.repository.KeyValueRepository
2025-03-16 01:38:39.918 [INFO] [main] [o.s.d.r.c.RepositoryConfigurationExtensionSupport] - Spring Data Redis - Could not safely identify store assignment for repository candidate interface ku_rum.backend.domain.category.domain.repository.BuildingCategoryRepository; If you want this repository to be a Redis repository, consider annotating your entities with one of these annotations: org.springframework.data.redis.core.RedisHash (preferred), or consider extending one of the following types with your repository: org.springframework.data.keyvalue.repository.KeyValueRepository
2025-03-16 01:38:39.918 [INFO] [main] [o.s.d.r.c.RepositoryConfigurationExtensionSupport] - Spring Data Redis - Could not safely identify store assignment for repository candidate interface ku_rum.backend.domain.category.domain.repository.CategoryRepository; If you want this repository to be a Redis repository, consider annotating your entities with one of these annotations: org.springframework.data.redis.core.RedisHash (preferred), or consider extending one of the following types with your repository: org.springframework.data.keyvalue.repository.KeyValueRepository
2025-03-16 01:38:39.918 [INFO] [main] [o.s.d.r.c.RepositoryConfigurationExtensionSupport] - Spring Data Redis - Could not safely identify store assignment for repository candidate interface ku_rum.backend.domain.department.domain.repository.DepartmentRepository; If you want this repository to be a Redis repository, consider annotating your entities with one of these annotations: org.springframework.data.redis.core.RedisHash (preferred), or consider extending one of the following types with your repository: org.springframework.data.keyvalue.repository.KeyValueRepository
2025-03-16 01:38:39.919 [INFO] [main] [o.s.d.r.c.RepositoryConfigurationExtensionSupport] - Spring Data Redis - Could not safely identify store assignment for repository candidate interface ku_rum.backend.domain.friend.domain.repository.FriendRepository; If you want this repository to be a Redis repository, consider annotating your entities with one of these annotations: org.springframework.data.redis.core.RedisHash (preferred), or consider extending one of the following types with your repository: org.springframework.data.keyvalue.repository.KeyValueRepository
2025-03-16 01:38:39.919 [INFO] [main] [o.s.d.r.c.RepositoryConfigurationExtensionSupport] - Spring Data Redis - Could not safely identify store assignment for repository candidate interface ku_rum.backend.domain.menu.domain.repository.MenuRepository; If you want this repository to be a Redis repository, consider annotating your entities with one of these annotations: org.springframework.data.redis.core.RedisHash (preferred), or consider extending one of the following types with your repository: org.springframework.data.keyvalue.repository.KeyValueRepository
2025-03-16 01:38:39.919 [INFO] [main] [o.s.d.r.c.RepositoryConfigurationExtensionSupport] - Spring Data Redis - Could not safely identify store assignment for repository candidate interface ku_rum.backend.domain.notice.domain.repository.NoticeRepository; If you want this repository to be a Redis repository, consider annotating your entities with one of these annotations: org.springframework.data.redis.core.RedisHash (preferred), or consider extending one of the following types with your repository: org.springframework.data.keyvalue.repository.KeyValueRepository
2025-03-16 01:38:39.919 [INFO] [main] [o.s.d.r.c.RepositoryConfigurationExtensionSupport] - Spring Data Redis - Could not safely identify store assignment for repository candidate interface ku_rum.backend.domain.recruitment.domain.repository.RecruitmentRepository; If you want this repository to be a Redis repository, consider annotating your entities with one of these annotations: org.springframework.data.redis.core.RedisHash (preferred), or consider extending one of the following types with your repository: org.springframework.data.keyvalue.repository.KeyValueRepository
2025-03-16 01:38:39.920 [INFO] [main] [o.s.d.r.c.RepositoryConfigurationExtensionSupport] - Spring Data Redis - Could not safely identify store assignment for repository candidate interface ku_rum.backend.domain.user.domain.repository.UserRepository; If you want this repository to be a Redis repository, consider annotating your entities with one of these annotations: org.springframework.data.redis.core.RedisHash (preferred), or consider extending one of the following types with your repository: org.springframework.data.keyvalue.repository.KeyValueRepository
2025-03-16 01:38:39.920 [INFO] [main] [o.s.d.r.c.RepositoryConfigurationExtensionSupport] - Spring Data Redis - Could not safely identify store assignment for repository candidate interface ku_rum.backend.global.log.domain.repository.ApiLogRepository; If you want this repository to be a Redis repository, consider annotating your entities with one of these annotations: org.springframework.data.redis.core.RedisHash (preferred), or consider extending one of the following types with your repository: org.springframework.data.keyvalue.repository.KeyValueRepository
2025-03-16 01:38:39.920 [INFO] [main] [o.s.d.r.c.RepositoryConfigurationDelegate] - Finished Spring Data repository scanning in 10 ms. Found 0 Redis repository interfaces.
2025-03-16 01:38:40.526 [INFO] [main] [o.s.b.w.e.tomcat.TomcatWebServer] - Tomcat initialized with port 9000 (http)
2025-03-16 01:38:40.532 [INFO] [main] [o.a.coyote.http11.Http11NioProtocol] - Initializing ProtocolHandler ["http-nio-9000"]
2025-03-16 01:38:40.535 [INFO] [main] [o.a.catalina.core.StandardService] - Starting service [Tomcat]
2025-03-16 01:38:40.535 [INFO] [main] [o.a.catalina.core.StandardEngine] - Starting Servlet engine: [Apache Tomcat/10.1.30]
2025-03-16 01:38:40.590 [INFO] [main] [o.a.c.c.C.[Tomcat].[localhost].[/]] - Initializing Spring embedded WebApplicationContext
2025-03-16 01:38:40.590 [INFO] [main] [o.s.b.w.s.c.ServletWebServerApplicationContext] - Root WebApplicationContext: initialization completed in 1695 ms
2025-03-16 01:38:41.084 [INFO] [main] [org.hibernate.Version] - HHH000412: Hibernate ORM core version 6.5.3.Final
2025-03-16 01:38:41.104 [INFO] [main] [o.h.c.i.RegionFactoryInitiator] - HHH000026: Second-level cache disabled
2025-03-16 01:38:41.290 [INFO] [main] [o.s.o.j.p.SpringPersistenceUnitInfo] - No LoadTimeWeaver setup: ignoring JPA class transformer
2025-03-16 01:38:41.312 [INFO] [main] [com.zaxxer.hikari.HikariDataSource] - HikariPool-1 - Starting...
2025-03-16 01:38:41.522 [INFO] [main] [com.zaxxer.hikari.pool.HikariPool] - HikariPool-1 - Added connection com.mysql.cj.jdbc.ConnectionImpl@9cdf13e
2025-03-16 01:38:41.522 [INFO] [main] [com.zaxxer.hikari.HikariDataSource] - HikariPool-1 - Start completed.
2025-03-16 01:38:42.269 [INFO] [main] [o.h.e.t.j.p.i.JtaPlatformInitiator] - HHH000489: No JTA platform available (set 'hibernate.transaction.jta.platform' to enable JTA platform integration)
2025-03-16 01:38:42.731 [INFO] [main] [o.s.o.j.LocalContainerEntityManagerFactoryBean] - Initialized JPA EntityManagerFactory for persistence unit 'default'
2025-03-16 01:38:43.061 [INFO] [main] [o.s.d.j.r.query.QueryEnhancerFactory] - Hibernate is in classpath; If applicable, HQL parser will be used.
2025-03-16 01:38:43.540 [INFO] [main] [o.s.o.j.LocalContainerEntityManagerFactoryBean] - Closing JPA EntityManagerFactory for persistence unit 'default'
2025-03-16 01:38:43.541 [INFO] [main] [com.zaxxer.hikari.HikariDataSource] - HikariPool-1 - Shutdown initiated...
2025-03-16 01:38:43.547 [INFO] [main] [com.zaxxer.hikari.HikariDataSource] - HikariPool-1 - Shutdown completed.
2025-03-16 01:38:43.660 [INFO] [main] [o.a.catalina.core.StandardService] - Stopping service [Tomcat]
2025-03-16 01:58:07.677 [INFO] [background-preinit] [o.h.validator.internal.util.Version] - HV000001: Hibernate Validator 8.0.1.Final
2025-03-16 01:58:07.718 [INFO] [main] [ku_rum.backend.BackendApplication] - Starting BackendApplication using Java 17.0.14 with PID 83405 (/Users/hyerimac/Desktop/dev/kurum/backend/build/classes/java/main started by hyerimac in /Users/hyerimac/Desktop/dev/kurum/backend)
2025-03-16 01:58:07.719 [INFO] [main] [ku_rum.backend.BackendApplication] - The following 3 profiles are active: "local", "port-local", "oauth"
2025-03-16 01:58:08.628 [INFO] [main] [o.s.d.r.c.RepositoryConfigurationDelegate] - Multiple Spring Data modules found, entering strict repository configuration mode
2025-03-16 01:58:08.629 [INFO] [main] [o.s.d.r.c.RepositoryConfigurationDelegate] - Bootstrapping Spring Data JPA repositories in DEFAULT mode.
2025-03-16 01:58:08.745 [INFO] [main] [o.s.d.r.c.RepositoryConfigurationDelegate] - Finished Spring Data repository scanning in 107 ms. Found 11 JPA repository interfaces.
2025-03-16 01:58:08.754 [INFO] [main] [o.s.d.r.c.RepositoryConfigurationDelegate] - Multiple Spring Data modules found, entering strict repository configuration mode
2025-03-16 01:58:08.754 [INFO] [main] [o.s.d.r.c.RepositoryConfigurationDelegate] - Bootstrapping Spring Data Redis repositories in DEFAULT mode.
2025-03-16 01:58:08.767 [INFO] [main] [o.s.d.r.c.RepositoryConfigurationExtensionSupport] - Spring Data Redis - Could not safely identify store assignment for repository candidate interface ku_rum.backend.domain.bookmark.domain.repository.BookmarkRepository; If you want this repository to be a Redis repository, consider annotating your entities with one of these annotations: org.springframework.data.redis.core.RedisHash (preferred), or consider extending one of the following types with your repository: org.springframework.data.keyvalue.repository.KeyValueRepository
2025-03-16 01:58:08.767 [INFO] [main] [o.s.d.r.c.RepositoryConfigurationExtensionSupport] - Spring Data Redis - Could not safely identify store assignment for repository candidate interface ku_rum.backend.domain.building.domain.repository.BuildingRepository; If you want this repository to be a Redis repository, consider annotating your entities with one of these annotations: org.springframework.data.redis.core.RedisHash (preferred), or consider extending one of the following types with your repository: org.springframework.data.keyvalue.repository.KeyValueRepository
2025-03-16 01:58:08.767 [INFO] [main] [o.s.d.r.c.RepositoryConfigurationExtensionSupport] - Spring Data Redis - Could not safely identify store assignment for repository candidate interface ku_rum.backend.domain.category.domain.repository.BuildingCategoryRepository; If you want this repository to be a Redis repository, consider annotating your entities with one of these annotations: org.springframework.data.redis.core.RedisHash (preferred), or consider extending one of the following types with your repository: org.springframework.data.keyvalue.repository.KeyValueRepository
2025-03-16 01:58:08.767 [INFO] [main] [o.s.d.r.c.RepositoryConfigurationExtensionSupport] - Spring Data Redis - Could not safely identify store assignment for repository candidate interface ku_rum.backend.domain.category.domain.repository.CategoryRepository; If you want this repository to be a Redis repository, consider annotating your entities with one of these annotations: org.springframework.data.redis.core.RedisHash (preferred), or consider extending one of the following types with your repository: org.springframework.data.keyvalue.repository.KeyValueRepository
2025-03-16 01:58:08.768 [INFO] [main] [o.s.d.r.c.RepositoryConfigurationExtensionSupport] - Spring Data Redis - Could not safely identify store assignment for repository candidate interface ku_rum.backend.domain.department.domain.repository.DepartmentRepository; If you want this repository to be a Redis repository, consider annotating your entities with one of these annotations: org.springframework.data.redis.core.RedisHash (preferred), or consider extending one of the following types with your repository: org.springframework.data.keyvalue.repository.KeyValueRepository
2025-03-16 01:58:08.768 [INFO] [main] [o.s.d.r.c.RepositoryConfigurationExtensionSupport] - Spring Data Redis - Could not safely identify store assignment for repository candidate interface ku_rum.backend.domain.friend.domain.repository.FriendRepository; If you want this repository to be a Redis repository, consider annotating your entities with one of these annotations: org.springframework.data.redis.core.RedisHash (preferred), or consider extending one of the following types with your repository: org.springframework.data.keyvalue.repository.KeyValueRepository
2025-03-16 01:58:08.768 [INFO] [main] [o.s.d.r.c.RepositoryConfigurationExtensionSupport] - Spring Data Redis - Could not safely identify store assignment for repository candidate interface ku_rum.backend.domain.menu.domain.repository.MenuRepository; If you want this repository to be a Redis repository, consider annotating your entities with one of these annotations: org.springframework.data.redis.core.RedisHash (preferred), or consider extending one of the following types with your repository: org.springframework.data.keyvalue.repository.KeyValueRepository
2025-03-16 01:58:08.768 [INFO] [main] [o.s.d.r.c.RepositoryConfigurationExtensionSupport] - Spring Data Redis - Could not safely identify store assignment for repository candidate interface ku_rum.backend.domain.notice.domain.repository.NoticeRepository; If you want this repository to be a Redis repository, consider annotating your entities with one of these annotations: org.springframework.data.redis.core.RedisHash (preferred), or consider extending one of the following types with your repository: org.springframework.data.keyvalue.repository.KeyValueRepository
2025-03-16 01:58:08.768 [INFO] [main] [o.s.d.r.c.RepositoryConfigurationExtensionSupport] - Spring Data Redis - Could not safely identify store assignment for repository candidate interface ku_rum.backend.domain.recruitment.domain.repository.RecruitmentRepository; If you want this repository to be a Redis repository, consider annotating your entities with one of these annotations: org.springframework.data.redis.core.RedisHash (preferred), or consider extending one of the following types with your repository: org.springframework.data.keyvalue.repository.KeyValueRepository
2025-03-16 01:58:08.769 [INFO] [main] [o.s.d.r.c.RepositoryConfigurationExtensionSupport] - Spring Data Redis - Could not safely identify store assignment for repository candidate interface ku_rum.backend.domain.user.domain.repository.UserRepository; If you want this repository to be a Redis repository, consider annotating your entities with one of these annotations: org.springframework.data.redis.core.RedisHash (preferred), or consider extending one of the following types with your repository: org.springframework.data.keyvalue.repository.KeyValueRepository
2025-03-16 01:58:08.769 [INFO] [main] [o.s.d.r.c.RepositoryConfigurationExtensionSupport] - Spring Data Redis - Could not safely identify store assignment for repository candidate interface ku_rum.backend.global.log.domain.repository.ApiLogRepository; If you want this repository to be a Redis repository, consider annotating your entities with one of these annotations: org.springframework.data.redis.core.RedisHash (preferred), or consider extending one of the following types with your repository: org.springframework.data.keyvalue.repository.KeyValueRepository
2025-03-16 01:58:08.769 [INFO] [main] [o.s.d.r.c.RepositoryConfigurationDelegate] - Finished Spring Data repository scanning in 10 ms. Found 0 Redis repository interfaces.
2025-03-16 01:58:09.332 [INFO] [main] [o.s.b.w.e.tomcat.TomcatWebServer] - Tomcat initialized with port 9000 (http)
2025-03-16 01:58:09.339 [INFO] [main] [o.a.coyote.http11.Http11NioProtocol] - Initializing ProtocolHandler ["http-nio-9000"]
2025-03-16 01:58:09.341 [INFO] [main] [o.a.catalina.core.StandardService] - Starting service [Tomcat]
2025-03-16 01:58:09.341 [INFO] [main] [o.a.catalina.core.StandardEngine] - Starting Servlet engine: [Apache Tomcat/10.1.30]
2025-03-16 01:58:09.382 [INFO] [main] [o.a.c.c.C.[Tomcat].[localhost].[/]] - Initializing Spring embedded WebApplicationContext
2025-03-16 01:58:09.382 [INFO] [main] [o.s.b.w.s.c.ServletWebServerApplicationContext] - Root WebApplicationContext: initialization completed in 1625 ms
2025-03-16 01:58:09.872 [INFO] [main] [org.hibernate.Version] - HHH000412: Hibernate ORM core version 6.5.3.Final
2025-03-16 01:58:09.892 [INFO] [main] [o.h.c.i.RegionFactoryInitiator] - HHH000026: Second-level cache disabled
2025-03-16 01:58:10.078 [INFO] [main] [o.s.o.j.p.SpringPersistenceUnitInfo] - No LoadTimeWeaver setup: ignoring JPA class transformer
2025-03-16 01:58:10.100 [INFO] [main] [com.zaxxer.hikari.HikariDataSource] - HikariPool-1 - Starting...
2025-03-16 01:58:10.282 [INFO] [main] [com.zaxxer.hikari.pool.HikariPool] - HikariPool-1 - Added connection com.mysql.cj.jdbc.ConnectionImpl@20a7ce0
2025-03-16 01:58:10.283 [INFO] [main] [com.zaxxer.hikari.HikariDataSource] - HikariPool-1 - Start completed.
2025-03-16 01:58:11.020 [INFO] [main] [o.h.e.t.j.p.i.JtaPlatformInitiator] - HHH000489: No JTA platform available (set 'hibernate.transaction.jta.platform' to enable JTA platform integration)
2025-03-16 01:58:11.525 [INFO] [main] [o.s.o.j.LocalContainerEntityManagerFactoryBean] - Initialized JPA EntityManagerFactory for persistence unit 'default'
2025-03-16 01:58:11.832 [INFO] [main] [o.s.d.j.r.query.QueryEnhancerFactory] - Hibernate is in classpath; If applicable, HQL parser will be used.
2025-03-16 01:58:12.291 [INFO] [main] [o.s.o.j.LocalContainerEntityManagerFactoryBean] - Closing JPA EntityManagerFactory for persistence unit 'default'
2025-03-16 01:58:12.292 [INFO] [main] [com.zaxxer.hikari.HikariDataSource] - HikariPool-1 - Shutdown initiated...
2025-03-16 01:58:12.299 [INFO] [main] [com.zaxxer.hikari.HikariDataSource] - HikariPool-1 - Shutdown completed.
2025-03-16 01:58:12.411 [INFO] [main] [o.a.catalina.core.StandardService] - Stopping service [Tomcat]
2025-03-16 13:42:16.656 [INFO] [background-preinit] [o.h.validator.internal.util.Version] - HV000001: Hibernate Validator 8.0.1.Final
2025-03-16 13:42:16.687 [INFO] [main] [ku_rum.backend.BackendApplication] - Starting BackendApplication using Java 17.0.14 with PID 80570 (/Users/hyerimac/Desktop/dev/kurum/backend/build/classes/java/main started by hyerimac in /Users/hyerimac/Desktop/dev/kurum/backend)
2025-03-16 13:42:16.687 [INFO] [main] [ku_rum.backend.BackendApplication] - The following 3 profiles are active: "local", "port-local", "oauth"
2025-03-16 13:42:17.415 [INFO] [main] [o.s.d.r.c.RepositoryConfigurationDelegate] - Multiple Spring Data modules found, entering strict repository configuration mode
2025-03-16 13:42:17.416 [INFO] [main] [o.s.d.r.c.RepositoryConfigurationDelegate] - Bootstrapping Spring Data JPA repositories in DEFAULT mode.
2025-03-16 13:42:17.560 [INFO] [main] [o.s.d.r.c.RepositoryConfigurationDelegate] - Finished Spring Data repository scanning in 134 ms. Found 11 JPA repository interfaces.
2025-03-16 13:42:17.578 [INFO] [main] [o.s.d.r.c.RepositoryConfigurationDelegate] - Multiple Spring Data modules found, entering strict repository configuration mode
2025-03-16 13:42:17.578 [INFO] [main] [o.s.d.r.c.RepositoryConfigurationDelegate] - Bootstrapping Spring Data Redis repositories in DEFAULT mode.
2025-03-16 13:42:17.594 [INFO] [main] [o.s.d.r.c.RepositoryConfigurationExtensionSupport] - Spring Data Redis - Could not safely identify store assignment for repository candidate interface ku_rum.backend.domain.bookmark.domain.repository.BookmarkRepository; If you want this repository to be a Redis repository, consider annotating your entities with one of these annotations: org.springframework.data.redis.core.RedisHash (preferred), or consider extending one of the following types with your repository: org.springframework.data.keyvalue.repository.KeyValueRepository
2025-03-16 13:42:17.595 [INFO] [main] [o.s.d.r.c.RepositoryConfigurationExtensionSupport] - Spring Data Redis - Could not safely identify store assignment for repository candidate interface ku_rum.backend.domain.building.domain.repository.BuildingRepository; If you want this repository to be a Redis repository, consider annotating your entities with one of these annotations: org.springframework.data.redis.core.RedisHash (preferred), or consider extending one of the following types with your repository: org.springframework.data.keyvalue.repository.KeyValueRepository
2025-03-16 13:42:17.595 [INFO] [main] [o.s.d.r.c.RepositoryConfigurationExtensionSupport] - Spring Data Redis - Could not safely identify store assignment for repository candidate interface ku_rum.backend.domain.category.domain.repository.BuildingCategoryRepository; If you want this repository to be a Redis repository, consider annotating your entities with one of these annotations: org.springframework.data.redis.core.RedisHash (preferred), or consider extending one of the following types with your repository: org.springframework.data.keyvalue.repository.KeyValueRepository
2025-03-16 13:42:17.595 [INFO] [main] [o.s.d.r.c.RepositoryConfigurationExtensionSupport] - Spring Data Redis - Could not safely identify store assignment for repository candidate interface ku_rum.backend.domain.category.domain.repository.CategoryRepository; If you want this repository to be a Redis repository, consider annotating your entities with one of these annotations: org.springframework.data.redis.core.RedisHash (preferred), or consider extending one of the following types with your repository: org.springframework.data.keyvalue.repository.KeyValueRepository
2025-03-16 13:42:17.595 [INFO] [main] [o.s.d.r.c.RepositoryConfigurationExtensionSupport] - Spring Data Redis - Could not safely identify store assignment for repository candidate interface ku_rum.backend.domain.department.domain.repository.DepartmentRepository; If you want this repository to be a Redis repository, consider annotating your entities with one of these annotations: org.springframework.data.redis.core.RedisHash (preferred), or consider extending one of the following types with your repository: org.springframework.data.keyvalue.repository.KeyValueRepository
2025-03-16 13:42:17.595 [INFO] [main] [o.s.d.r.c.RepositoryConfigurationExtensionSupport] - Spring Data Redis - Could not safely identify store assignment for repository candidate interface ku_rum.backend.domain.friend.domain.repository.FriendRepository; If you want this repository to be a Redis repository, consider annotating your entities with one of these annotations: org.springframework.data.redis.core.RedisHash (preferred), or consider extending one of the following types with your repository: org.springframework.data.keyvalue.repository.KeyValueRepository
2025-03-16 13:42:17.595 [INFO] [main] [o.s.d.r.c.RepositoryConfigurationExtensionSupport] - Spring Data Redis - Could not safely identify store assignment for repository candidate interface ku_rum.backend.domain.menu.domain.repository.MenuRepository; If you want this repository to be a Redis repository, consider annotating your entities with one of these annotations: org.springframework.data.redis.core.RedisHash (preferred), or consider extending one of the following types with your repository: org.springframework.data.keyvalue.repository.KeyValueRepository
2025-03-16 13:42:17.595 [INFO] [main] [o.s.d.r.c.RepositoryConfigurationExtensionSupport] - Spring Data Redis - Could not safely identify store assignment for repository candidate interface ku_rum.backend.domain.notice.domain.repository.NoticeRepository; If you want this repository to be a Redis repository, consider annotating your entities with one of these annotations: org.springframework.data.redis.core.RedisHash (preferred), or consider extending one of the following types with your repository: org.springframework.data.keyvalue.repository.KeyValueRepository
2025-03-16 13:42:17.595 [INFO] [main] [o.s.d.r.c.RepositoryConfigurationExtensionSupport] - Spring Data Redis - Could not safely identify store assignment for repository candidate interface ku_rum.backend.domain.recruitment.domain.repository.RecruitmentRepository; If you want this repository to be a Redis repository, consider annotating your entities with one of these annotations: org.springframework.data.redis.core.RedisHash (preferred), or consider extending one of the following types with your repository: org.springframework.data.keyvalue.repository.KeyValueRepository
2025-03-16 13:42:17.596 [INFO] [main] [o.s.d.r.c.RepositoryConfigurationExtensionSupport] - Spring Data Redis - Could not safely identify store assignment for repository candidate interface ku_rum.backend.domain.user.domain.repository.UserRepository; If you want this repository to be a Redis repository, consider annotating your entities with one of these annotations: org.springframework.data.redis.core.RedisHash (preferred), or consider extending one of the following types with your repository: org.springframework.data.keyvalue.repository.KeyValueRepository
2025-03-16 13:42:17.597 [INFO] [main] [o.s.d.r.c.RepositoryConfigurationExtensionSupport] - Spring Data Redis - Could not safely identify store assignment for repository candidate interface ku_rum.backend.global.log.domain.repository.ApiLogRepository; If you want this repository to be a Redis repository, consider annotating your entities with one of these annotations: org.springframework.data.redis.core.RedisHash (preferred), or consider extending one of the following types with your repository: org.springframework.data.keyvalue.repository.KeyValueRepository
2025-03-16 13:42:17.597 [INFO] [main] [o.s.d.r.c.RepositoryConfigurationDelegate] - Finished Spring Data repository scanning in 11 ms. Found 0 Redis repository interfaces.
2025-03-16 13:42:18.296 [INFO] [main] [o.s.b.w.e.tomcat.TomcatWebServer] - Tomcat initialized with port 9000 (http)
2025-03-16 13:42:18.303 [INFO] [main] [o.a.coyote.http11.Http11NioProtocol] - Initializing ProtocolHandler ["http-nio-9000"]
2025-03-16 13:42:18.305 [INFO] [main] [o.a.catalina.core.StandardService] - Starting service [Tomcat]
2025-03-16 13:42:18.305 [INFO] [main] [o.a.catalina.core.StandardEngine] - Starting Servlet engine: [Apache Tomcat/10.1.30]
2025-03-16 13:42:18.347 [INFO] [main] [o.a.c.c.C.[Tomcat].[localhost].[/]] - Initializing Spring embedded WebApplicationContext
2025-03-16 13:42:18.348 [INFO] [main] [o.s.b.w.s.c.ServletWebServerApplicationContext] - Root WebApplicationContext: initialization completed in 1632 ms
2025-03-16 13:42:18.842 [INFO] [main] [org.hibernate.Version] - HHH000412: Hibernate ORM core version 6.5.3.Final
2025-03-16 13:42:18.862 [INFO] [main] [o.h.c.i.RegionFactoryInitiator] - HHH000026: Second-level cache disabled
2025-03-16 13:42:19.039 [INFO] [main] [o.s.o.j.p.SpringPersistenceUnitInfo] - No LoadTimeWeaver setup: ignoring JPA class transformer
2025-03-16 13:42:19.060 [INFO] [main] [com.zaxxer.hikari.HikariDataSource] - HikariPool-1 - Starting...
2025-03-16 13:42:19.271 [INFO] [main] [com.zaxxer.hikari.pool.HikariPool] - HikariPool-1 - Added connection com.mysql.cj.jdbc.ConnectionImpl@4ee80a94
2025-03-16 13:42:19.272 [INFO] [main] [com.zaxxer.hikari.HikariDataSource] - HikariPool-1 - Start completed.
2025-03-16 13:42:19.983 [INFO] [main] [o.h.e.t.j.p.i.JtaPlatformInitiator] - HHH000489: No JTA platform available (set 'hibernate.transaction.jta.platform' to enable JTA platform integration)
2025-03-16 13:42:20.645 [INFO] [main] [o.s.o.j.LocalContainerEntityManagerFactoryBean] - Initialized JPA EntityManagerFactory for persistence unit 'default'
2025-03-16 13:42:20.948 [INFO] [main] [o.s.d.j.r.query.QueryEnhancerFactory] - Hibernate is in classpath; If applicable, HQL parser will be used.
2025-03-16 13:42:21.420 [INFO] [main] [o.s.o.j.LocalContainerEntityManagerFactoryBean] - Closing JPA EntityManagerFactory for persistence unit 'default'
2025-03-16 13:42:21.421 [INFO] [main] [com.zaxxer.hikari.HikariDataSource] - HikariPool-1 - Shutdown initiated...
2025-03-16 13:42:21.427 [INFO] [main] [com.zaxxer.hikari.HikariDataSource] - HikariPool-1 - Shutdown completed.
2025-03-16 13:42:21.539 [INFO] [main] [o.a.catalina.core.StandardService] - Stopping service [Tomcat]
2025-03-16 13:42:53.393 [INFO] [background-preinit] [o.h.validator.internal.util.Version] - HV000001: Hibernate Validator 8.0.1.Final
2025-03-16 13:42:53.420 [INFO] [main] [ku_rum.backend.BackendApplication] - Starting BackendApplication using Java 17.0.14 with PID 80987 (/Users/hyerimac/Desktop/dev/kurum/backend/build/classes/java/main started by hyerimac in /Users/hyerimac/Desktop/dev/kurum/backend)
2025-03-16 13:42:53.421 [INFO] [main] [ku_rum.backend.BackendApplication] - The following 3 profiles are active: "local", "port-local", "oauth"
2025-03-16 13:42:54.142 [INFO] [main] [o.s.d.r.c.RepositoryConfigurationDelegate] - Multiple Spring Data modules found, entering strict repository configuration mode
2025-03-16 13:42:54.143 [INFO] [main] [o.s.d.r.c.RepositoryConfigurationDelegate] - Bootstrapping Spring Data JPA repositories in DEFAULT mode.
2025-03-16 13:42:54.261 [INFO] [main] [o.s.d.r.c.RepositoryConfigurationDelegate] - Finished Spring Data repository scanning in 109 ms. Found 11 JPA repository interfaces.
2025-03-16 13:42:54.269 [INFO] [main] [o.s.d.r.c.RepositoryConfigurationDelegate] - Multiple Spring Data modules found, entering strict repository configuration mode
2025-03-16 13:42:54.270 [INFO] [main] [o.s.d.r.c.RepositoryConfigurationDelegate] - Bootstrapping Spring Data Redis repositories in DEFAULT mode.
2025-03-16 13:42:54.283 [INFO] [main] [o.s.d.r.c.RepositoryConfigurationExtensionSupport] - Spring Data Redis - Could not safely identify store assignment for repository candidate interface ku_rum.backend.domain.bookmark.domain.repository.BookmarkRepository; If you want this repository to be a Redis repository, consider annotating your entities with one of these annotations: org.springframework.data.redis.core.RedisHash (preferred), or consider extending one of the following types with your repository: org.springframework.data.keyvalue.repository.KeyValueRepository
2025-03-16 13:42:54.283 [INFO] [main] [o.s.d.r.c.RepositoryConfigurationExtensionSupport] - Spring Data Redis - Could not safely identify store assignment for repository candidate interface ku_rum.backend.domain.building.domain.repository.BuildingRepository; If you want this repository to be a Redis repository, consider annotating your entities with one of these annotations: org.springframework.data.redis.core.RedisHash (preferred), or consider extending one of the following types with your repository: org.springframework.data.keyvalue.repository.KeyValueRepository
2025-03-16 13:42:54.283 [INFO] [main] [o.s.d.r.c.RepositoryConfigurationExtensionSupport] - Spring Data Redis - Could not safely identify store assignment for repository candidate interface ku_rum.backend.domain.category.domain.repository.BuildingCategoryRepository; If you want this repository to be a Redis repository, consider annotating your entities with one of these annotations: org.springframework.data.redis.core.RedisHash (preferred), or consider extending one of the following types with your repository: org.springframework.data.keyvalue.repository.KeyValueRepository
2025-03-16 13:42:54.283 [INFO] [main] [o.s.d.r.c.RepositoryConfigurationExtensionSupport] - Spring Data Redis - Could not safely identify store assignment for repository candidate interface ku_rum.backend.domain.category.domain.repository.CategoryRepository; If you want this repository to be a Redis repository, consider annotating your entities with one of these annotations: org.springframework.data.redis.core.RedisHash (preferred), or consider extending one of the following types with your repository: org.springframework.data.keyvalue.repository.KeyValueRepository
2025-03-16 13:42:54.284 [INFO] [main] [o.s.d.r.c.RepositoryConfigurationExtensionSupport] - Spring Data Redis - Could not safely identify store assignment for repository candidate interface ku_rum.backend.domain.department.domain.repository.DepartmentRepository; If you want this repository to be a Redis repository, consider annotating your entities with one of these annotations: org.springframework.data.redis.core.RedisHash (preferred), or consider extending one of the following types with your repository: org.springframework.data.keyvalue.repository.KeyValueRepository
2025-03-16 13:42:54.284 [INFO] [main] [o.s.d.r.c.RepositoryConfigurationExtensionSupport] - Spring Data Redis - Could not safely identify store assignment for repository candidate interface ku_rum.backend.domain.friend.domain.repository.FriendRepository; If you want this repository to be a Redis repository, consider annotating your entities with one of these annotations: org.springframework.data.redis.core.RedisHash (preferred), or consider extending one of the following types with your repository: org.springframework.data.keyvalue.repository.KeyValueRepository
2025-03-16 13:42:54.284 [INFO] [main] [o.s.d.r.c.RepositoryConfigurationExtensionSupport] - Spring Data Redis - Could not safely identify store assignment for repository candidate interface ku_rum.backend.domain.menu.domain.repository.MenuRepository; If you want this repository to be a Redis repository, consider annotating your entities with one of these annotations: org.springframework.data.redis.core.RedisHash (preferred), or consider extending one of the following types with your repository: org.springframework.data.keyvalue.repository.KeyValueRepository
2025-03-16 13:42:54.284 [INFO] [main] [o.s.d.r.c.RepositoryConfigurationExtensionSupport] - Spring Data Redis - Could not safely identify store assignment for repository candidate interface ku_rum.backend.domain.notice.domain.repository.NoticeRepository; If you want this repository to be a Redis repository, consider annotating your entities with one of these annotations: org.springframework.data.redis.core.RedisHash (preferred), or consider extending one of the following types with your repository: org.springframework.data.keyvalue.repository.KeyValueRepository
2025-03-16 13:42:54.284 [INFO] [main] [o.s.d.r.c.RepositoryConfigurationExtensionSupport] - Spring Data Redis - Could not safely identify store assignment for repository candidate interface ku_rum.backend.domain.recruitment.domain.repository.RecruitmentRepository; If you want this repository to be a Redis repository, consider annotating your entities with one of these annotations: org.springframework.data.redis.core.RedisHash (preferred), or consider extending one of the following types with your repository: org.springframework.data.keyvalue.repository.KeyValueRepository
2025-03-16 13:42:54.285 [INFO] [main] [o.s.d.r.c.RepositoryConfigurationExtensionSupport] - Spring Data Redis - Could not safely identify store assignment for repository candidate interface ku_rum.backend.domain.user.domain.repository.UserRepository; If you want this repository to be a Redis repository, consider annotating your entities with one of these annotations: org.springframework.data.redis.core.RedisHash (preferred), or consider extending one of the following types with your repository: org.springframework.data.keyvalue.repository.KeyValueRepository
2025-03-16 13:42:54.285 [INFO] [main] [o.s.d.r.c.RepositoryConfigurationExtensionSupport] - Spring Data Redis - Could not safely identify store assignment for repository candidate interface ku_rum.backend.global.log.domain.repository.ApiLogRepository; If you want this repository to be a Redis repository, consider annotating your entities with one of these annotations: org.springframework.data.redis.core.RedisHash (preferred), or consider extending one of the following types with your repository: org.springframework.data.keyvalue.repository.KeyValueRepository
2025-03-16 13:42:54.285 [INFO] [main] [o.s.d.r.c.RepositoryConfigurationDelegate] - Finished Spring Data repository scanning in 10 ms. Found 0 Redis repository interfaces.
2025-03-16 13:42:54.872 [INFO] [main] [o.s.b.w.e.tomcat.TomcatWebServer] - Tomcat initialized with port 9000 (http)
2025-03-16 13:42:54.878 [INFO] [main] [o.a.coyote.http11.Http11NioProtocol] - Initializing ProtocolHandler ["http-nio-9000"]
2025-03-16 13:42:54.881 [INFO] [main] [o.a.catalina.core.StandardService] - Starting service [Tomcat]
2025-03-16 13:42:54.881 [INFO] [main] [o.a.catalina.core.StandardEngine] - Starting Servlet engine: [Apache Tomcat/10.1.30]
2025-03-16 13:42:54.923 [INFO] [main] [o.a.c.c.C.[Tomcat].[localhost].[/]] - Initializing Spring embedded WebApplicationContext
2025-03-16 13:42:54.923 [INFO] [main] [o.s.b.w.s.c.ServletWebServerApplicationContext] - Root WebApplicationContext: initialization completed in 1479 ms
2025-03-16 13:42:55.419 [INFO] [main] [org.hibernate.Version] - HHH000412: Hibernate ORM core version 6.5.3.Final
2025-03-16 13:42:55.439 [INFO] [main] [o.h.c.i.RegionFactoryInitiator] - HHH000026: Second-level cache disabled
2025-03-16 13:42:55.627 [INFO] [main] [o.s.o.j.p.SpringPersistenceUnitInfo] - No LoadTimeWeaver setup: ignoring JPA class transformer
2025-03-16 13:42:55.650 [INFO] [main] [com.zaxxer.hikari.HikariDataSource] - HikariPool-1 - Starting...
2025-03-16 13:42:55.834 [INFO] [main] [com.zaxxer.hikari.pool.HikariPool] - HikariPool-1 - Added connection com.mysql.cj.jdbc.ConnectionImpl@467e7793
2025-03-16 13:42:55.835 [INFO] [main] [com.zaxxer.hikari.HikariDataSource] - HikariPool-1 - Start completed.
2025-03-16 13:42:56.530 [INFO] [main] [o.h.e.t.j.p.i.JtaPlatformInitiator] - HHH000489: No JTA platform available (set 'hibernate.transaction.jta.platform' to enable JTA platform integration)
2025-03-16 13:42:57.058 [INFO] [main] [o.s.o.j.LocalContainerEntityManagerFactoryBean] - Initialized JPA EntityManagerFactory for persistence unit 'default'
2025-03-16 13:42:57.363 [INFO] [main] [o.s.d.j.r.query.QueryEnhancerFactory] - Hibernate is in classpath; If applicable, HQL parser will be used.
2025-03-16 13:42:58.312 [INFO] [main] [o.s.s.c.a.a.c.InitializeUserDetailsBeanManagerConfigurer$InitializeUserDetailsManagerConfigurer] - Global AuthenticationManager configured with UserDetailsService bean with name userDetailsService
2025-03-16 13:42:58.615 [INFO] [main] [o.s.b.a.e.web.EndpointLinksResolver] - Exposing 1 endpoint beneath base path '/actuator'
2025-03-16 13:42:59.282 [INFO] [main] [o.a.coyote.http11.Http11NioProtocol] - Starting ProtocolHandler ["http-nio-9000"]
2025-03-16 13:42:59.291 [INFO] [main] [o.s.b.w.e.tomcat.TomcatWebServer] - Tomcat started on port 9000 (http) with context path '/'
2025-03-16 13:42:59.313 [INFO] [main] [ku_rum.backend.BackendApplication] - Started BackendApplication in 6.173 seconds (process running for 6.693)
2025-03-16 13:42:59.679 [INFO] [main] [k.b.g.d.FulltextIndexInitializer] - ✅ FULLTEXT INDEX 추가됨: 테이블=building, 인덱스=name_fulltext_index
2025-03-16 13:42:59.752 [INFO] [main] [k.b.g.d.FulltextIndexInitializer] - ✅ FULLTEXT INDEX 추가됨: 테이블=category, 인덱스=name_fulltext_index
2025-03-16 13:42:59.923 [INFO] [RMI TCP Connection(3)-127.0.0.1] [o.a.c.c.C.[Tomcat].[localhost].[/]] - Initializing Spring DispatcherServlet 'dispatcherServlet'
2025-03-16 13:42:59.924 [INFO] [RMI TCP Connection(3)-127.0.0.1] [o.s.web.servlet.DispatcherServlet] - Initializing Servlet 'dispatcherServlet'
2025-03-16 13:42:59.926 [INFO] [RMI TCP Connection(3)-127.0.0.1] [o.s.web.servlet.DispatcherServlet] - Completed initialization in 2 ms
2025-03-16 13:43:13.536 [INFO] [Async MailExecutor-1] [k.b.d.n.application.NoticeService] - 크롤링 시작: https://www.konkuk.ac.kr/konkuk/2238/subview.do
2025-03-16 13:43:13.638 [INFO] [Async MailExecutor-1] [k.b.d.n.application.NoticeService] - 2024년 공지가 아님: [일반 및 장애학생] 2025학년도 1학기 기초교양 교과목 이수의무 면제 프로그램 신청 안내
2025-03-16 13:43:17.552 [INFO] [Async MailExecutor-1] [k.b.d.n.application.NoticeService] - 크롤링 시작: https://www.konkuk.ac.kr/konkuk/2239/subview.do
2025-03-16 13:43:17.647 [INFO] [Async MailExecutor-1] [k.b.d.n.application.NoticeService] - 2024년 공지가 아님: [기간변경][대청교]2025년도 대학생 청소년교육지원 장학사업 멘토 모집 안내(~3/23(일))
2025-03-16 13:43:20.358 [INFO] [Async MailExecutor-1] [k.b.d.n.application.NoticeService] - 크롤링 시작: https://www.konkuk.ac.kr/konkuk/2240/subview.do
2025-03-16 13:43:20.402 [INFO] [Async MailExecutor-1] [k.b.d.n.application.NoticeService] - 2024년 공지가 아님: [대학일자리+] ★3월 채용설명회, 상담회 안내 (★3월 셋째/넷째주! 한화에어로스페이스, 월드퀀트, 한화생명금융서비스, 신한은행, 법원행정처 등/ 경품 제공)
2025-03-16 13:43:22.503 [INFO] [Async MailExecutor-1] [k.b.d.n.application.NoticeService] - 크롤링 시작: https://www.konkuk.ac.kr/konkuk/2241/subview.do
2025-03-16 13:43:22.548 [INFO] [Async MailExecutor-1] [k.b.d.n.application.NoticeService] - 2024년 공지가 아님: 2025학년도 1학기 해외명사특강 신청 안내(~3.13.(목))
2025-03-16 13:43:26.107 [INFO] [Async MailExecutor-1] [k.b.d.n.application.NoticeService] - 크롤링 시작: https://www.konkuk.ac.kr/konkuk/2242/subview.do
2025-03-16 13:43:26.155 [INFO] [Async MailExecutor-1] [k.b.d.n.application.NoticeService] - 2024년 공지가 아님: 포천시 특별재난지역선포에 따른 예비군훈련 면제 안내
2025-03-16 13:43:27.441 [INFO] [Async MailExecutor-1] [k.b.d.n.application.NoticeService] - 크롤링 시작: https://www.konkuk.ac.kr/konkuk/2244/subview.do
2025-03-16 13:43:27.486 [INFO] [Async MailExecutor-1] [k.b.d.n.application.NoticeService] - 2024년 공지가 아님: 무료 법률상담 프로그램 이용 안내
2025-03-16 13:43:28.769 [INFO] [Async MailExecutor-1] [k.b.d.n.application.NoticeService] - 크롤링 시작: https://www.konkuk.ac.kr/konkuk/19329/subview.do
2025-03-16 13:43:28.812 [INFO] [Async MailExecutor-1] [k.b.d.n.application.NoticeService] - 2024년 공지가 아님: 2025년도 인문사회분야 석사/박사과정생연구장려금 지원사업 신청 안내
2025-03-16 13:43:31.690 [INFO] [Async MailExecutor-1] [k.b.d.n.application.NoticeService] - 크롤링 시작: https://www.konkuk.ac.kr/konkuk/19564/subview.do
2025-03-16 13:43:31.734 [INFO] [Async MailExecutor-1] [k.b.d.n.application.NoticeService] - 2024년 공지가 아님: 언어교육원 행정조교(오후근무) 모집
2025-03-16 13:45:42.911 [INFO] [http-nio-9000-exec-7] [k.b.g.l.i.LoggingInterceptor] - 
 HTTP Method : GET 
 Request URI : / 
 AccessToken Exist : false 
 Request Body : 
 Request Time : 2025-03-16T13:45:42.888894
 Request IP : 0:0:0:0:0:0:0:1
2025-03-16 13:50:25.406 [INFO] [http-nio-9000-exec-3] [k.b.g.l.i.LoggingInterceptor] - 
 HTTP Method : GET 
 Request URI : / 
 AccessToken Exist : false 
 Request Body : 
 Request Time : 2025-03-16T13:50:25.389354
 Request IP : 0:0:0:0:0:0:0:1
2025-03-16 13:53:02.931 [INFO] [Async MailExecutor-2] [k.b.d.n.application.NoticeService] - 크롤링 시작: https://www.konkuk.ac.kr/konkuk/2238/subview.do
2025-03-16 13:53:02.989 [INFO] [Async MailExecutor-2] [k.b.d.n.application.NoticeService] - 2024년 공지가 아님: [일반 및 장애학생] 2025학년도 1학기 기초교양 교과목 이수의무 면제 프로그램 신청 안내
2025-03-16 13:53:06.576 [INFO] [Async MailExecutor-2] [k.b.d.n.application.NoticeService] - 크롤링 시작: https://www.konkuk.ac.kr/konkuk/2239/subview.do
2025-03-16 13:53:06.618 [INFO] [Async MailExecutor-2] [k.b.d.n.application.NoticeService] - 2024년 공지가 아님: [기간변경][대청교]2025년도 대학생 청소년교육지원 장학사업 멘토 모집 안내(~3/23(일))
2025-03-16 13:53:09.412 [INFO] [Async MailExecutor-2] [k.b.d.n.application.NoticeService] - 크롤링 시작: https://www.konkuk.ac.kr/konkuk/2240/subview.do
2025-03-16 13:53:09.646 [INFO] [Async MailExecutor-2] [k.b.d.n.application.NoticeService] - 2024년 공지가 아님: [대학일자리+] ★3월 채용설명회, 상담회 안내 (★3월 셋째/넷째주! 한화에어로스페이스, 월드퀀트, 한화생명금융서비스, 신한은행, 법원행정처 등/ 경품 제공)
2025-03-16 13:53:11.915 [INFO] [Async MailExecutor-2] [k.b.d.n.application.NoticeService] - 크롤링 시작: https://www.konkuk.ac.kr/konkuk/2241/subview.do
2025-03-16 13:53:11.960 [INFO] [Async MailExecutor-2] [k.b.d.n.application.NoticeService] - 2024년 공지가 아님: 2025학년도 1학기 해외명사특강 신청 안내(~3.13.(목))
2025-03-16 13:53:14.786 [INFO] [Async MailExecutor-2] [k.b.d.n.application.NoticeService] - 크롤링 시작: https://www.konkuk.ac.kr/konkuk/2242/subview.do
2025-03-16 13:53:14.830 [INFO] [Async MailExecutor-2] [k.b.d.n.application.NoticeService] - 2024년 공지가 아님: 포천시 특별재난지역선포에 따른 예비군훈련 면제 안내
2025-03-16 13:53:16.204 [INFO] [Async MailExecutor-2] [k.b.d.n.application.NoticeService] - 크롤링 시작: https://www.konkuk.ac.kr/konkuk/2244/subview.do
2025-03-16 13:53:16.243 [INFO] [Async MailExecutor-2] [k.b.d.n.application.NoticeService] - 2024년 공지가 아님: 무료 법률상담 프로그램 이용 안내
2025-03-16 13:53:17.573 [INFO] [Async MailExecutor-2] [k.b.d.n.application.NoticeService] - 크롤링 시작: https://www.konkuk.ac.kr/konkuk/19329/subview.do
2025-03-16 13:53:17.612 [INFO] [Async MailExecutor-2] [k.b.d.n.application.NoticeService] - 2024년 공지가 아님: 2025년도 인문사회분야 석사/박사과정생연구장려금 지원사업 신청 안내
2025-03-16 13:53:19.903 [INFO] [Async MailExecutor-2] [k.b.d.n.application.NoticeService] - 크롤링 시작: https://www.konkuk.ac.kr/konkuk/19564/subview.do
2025-03-16 13:53:19.946 [INFO] [Async MailExecutor-2] [k.b.d.n.application.NoticeService] - 2024년 공지가 아님: 언어교육원 행정조교(오후근무) 모집
2025-03-16 14:03:03.382 [INFO] [Async MailExecutor-1] [k.b.d.n.application.NoticeService] - 크롤링 시작: https://www.konkuk.ac.kr/konkuk/2238/subview.do
2025-03-16 14:03:03.440 [INFO] [Async MailExecutor-1] [k.b.d.n.application.NoticeService] - 2024년 공지가 아님: [일반 및 장애학생] 2025학년도 1학기 기초교양 교과목 이수의무 면제 프로그램 신청 안내
2025-03-16 14:03:07.355 [INFO] [Async MailExecutor-1] [k.b.d.n.application.NoticeService] - 크롤링 시작: https://www.konkuk.ac.kr/konkuk/2239/subview.do
2025-03-16 14:03:07.392 [INFO] [Async MailExecutor-1] [k.b.d.n.application.NoticeService] - 2024년 공지가 아님: [기간변경][대청교]2025년도 대학생 청소년교육지원 장학사업 멘토 모집 안내(~3/23(일))
2025-03-16 14:03:08.698 [INFO] [Async MailExecutor-1] [k.b.d.n.application.NoticeService] - 크롤링 시작: https://www.konkuk.ac.kr/konkuk/2240/subview.do
2025-03-16 14:03:08.740 [INFO] [Async MailExecutor-1] [k.b.d.n.application.NoticeService] - 2024년 공지가 아님: [대학일자리+] ★3월 채용설명회, 상담회 안내 (★3월 셋째/넷째주! 한화에어로스페이스, 월드퀀트, 한화생명금융서비스, 신한은행, 법원행정처 등/ 경품 제공)
2025-03-16 14:03:10.041 [INFO] [Async MailExecutor-1] [k.b.d.n.application.NoticeService] - 크롤링 시작: https://www.konkuk.ac.kr/konkuk/2241/subview.do
2025-03-16 14:03:10.086 [INFO] [Async MailExecutor-1] [k.b.d.n.application.NoticeService] - 2024년 공지가 아님: 2025학년도 1학기 해외명사특강 신청 안내(~3.13.(목))
2025-03-16 14:03:12.239 [INFO] [Async MailExecutor-1] [k.b.d.n.application.NoticeService] - 크롤링 시작: https://www.konkuk.ac.kr/konkuk/2242/subview.do
2025-03-16 14:03:12.279 [INFO] [Async MailExecutor-1] [k.b.d.n.application.NoticeService] - 2024년 공지가 아님: 포천시 특별재난지역선포에 따른 예비군훈련 면제 안내
2025-03-16 14:03:14.862 [INFO] [Async MailExecutor-1] [k.b.d.n.application.NoticeService] - 크롤링 시작: https://www.konkuk.ac.kr/konkuk/2244/subview.do
2025-03-16 14:03:14.908 [INFO] [Async MailExecutor-1] [k.b.d.n.application.NoticeService] - 2024년 공지가 아님: 무료 법률상담 프로그램 이용 안내
2025-03-16 14:03:17.122 [INFO] [Async MailExecutor-1] [k.b.d.n.application.NoticeService] - 크롤링 시작: https://www.konkuk.ac.kr/konkuk/19329/subview.do
2025-03-16 14:03:17.157 [INFO] [Async MailExecutor-1] [k.b.d.n.application.NoticeService] - 2024년 공지가 아님: 2025년도 인문사회분야 석사/박사과정생연구장려금 지원사업 신청 안내
2025-03-16 14:03:19.516 [INFO] [Async MailExecutor-1] [k.b.d.n.application.NoticeService] - 크롤링 시작: https://www.konkuk.ac.kr/konkuk/19564/subview.do
2025-03-16 14:03:19.724 [INFO] [Async MailExecutor-1] [k.b.d.n.application.NoticeService] - 2024년 공지가 아님: 언어교육원 행정조교(오후근무) 모집
2025-03-16 14:13:02.385 [INFO] [Async MailExecutor-2] [k.b.d.n.application.NoticeService] - 크롤링 시작: https://www.konkuk.ac.kr/konkuk/2238/subview.do
2025-03-16 14:13:02.447 [INFO] [Async MailExecutor-2] [k.b.d.n.application.NoticeService] - 2024년 공지가 아님: [일반 및 장애학생] 2025학년도 1학기 기초교양 교과목 이수의무 면제 프로그램 신청 안내
2025-03-16 14:13:04.701 [INFO] [Async MailExecutor-2] [k.b.d.n.application.NoticeService] - 크롤링 시작: https://www.konkuk.ac.kr/konkuk/2239/subview.do
2025-03-16 14:13:04.749 [INFO] [Async MailExecutor-2] [k.b.d.n.application.NoticeService] - 2024년 공지가 아님: [기간변경][대청교]2025년도 대학생 청소년교육지원 장학사업 멘토 모집 안내(~3/23(일))
2025-03-16 14:13:07.314 [INFO] [Async MailExecutor-2] [k.b.d.n.application.NoticeService] - 크롤링 시작: https://www.konkuk.ac.kr/konkuk/2240/subview.do
2025-03-16 14:13:07.355 [INFO] [Async MailExecutor-2] [k.b.d.n.application.NoticeService] - 2024년 공지가 아님: [대학일자리+] ★3월 채용설명회, 상담회 안내 (★3월 셋째/넷째주! 한화에어로스페이스, 월드퀀트, 한화생명금융서비스, 신한은행, 법원행정처 등/ 경품 제공)
2025-03-16 14:13:09.832 [INFO] [Async MailExecutor-2] [k.b.d.n.application.NoticeService] - 크롤링 시작: https://www.konkuk.ac.kr/konkuk/2241/subview.do
2025-03-16 14:13:09.876 [INFO] [Async MailExecutor-2] [k.b.d.n.application.NoticeService] - 2024년 공지가 아님: 2025학년도 1학기 해외명사특강 신청 안내(~3.13.(목))
2025-03-16 14:13:11.364 [INFO] [Async MailExecutor-2] [k.b.d.n.application.NoticeService] - 크롤링 시작: https://www.konkuk.ac.kr/konkuk/2242/subview.do
2025-03-16 14:13:11.409 [INFO] [Async MailExecutor-2] [k.b.d.n.application.NoticeService] - 2024년 공지가 아님: 포천시 특별재난지역선포에 따른 예비군훈련 면제 안내
2025-03-16 14:13:12.841 [INFO] [Async MailExecutor-2] [k.b.d.n.application.NoticeService] - 크롤링 시작: https://www.konkuk.ac.kr/konkuk/2244/subview.do
2025-03-16 14:13:12.882 [INFO] [Async MailExecutor-2] [k.b.d.n.application.NoticeService] - 2024년 공지가 아님: 무료 법률상담 프로그램 이용 안내
2025-03-16 14:13:14.074 [INFO] [Async MailExecutor-2] [k.b.d.n.application.NoticeService] - 크롤링 시작: https://www.konkuk.ac.kr/konkuk/19329/subview.do
2025-03-16 14:13:14.258 [INFO] [Async MailExecutor-2] [k.b.d.n.application.NoticeService] - 2024년 공지가 아님: 2025년도 인문사회분야 석사/박사과정생연구장려금 지원사업 신청 안내
2025-03-16 14:13:16.943 [INFO] [Async MailExecutor-2] [k.b.d.n.application.NoticeService] - 크롤링 시작: https://www.konkuk.ac.kr/konkuk/19564/subview.do
2025-03-16 14:13:16.982 [INFO] [Async MailExecutor-2] [k.b.d.n.application.NoticeService] - 2024년 공지가 아님: 언어교육원 행정조교(오후근무) 모집
2025-03-16 14:23:02.261 [INFO] [Async MailExecutor-1] [k.b.d.n.application.NoticeService] - 크롤링 시작: https://www.konkuk.ac.kr/konkuk/2238/subview.do
2025-03-16 14:23:02.315 [INFO] [Async MailExecutor-1] [k.b.d.n.application.NoticeService] - 2024년 공지가 아님: [일반 및 장애학생] 2025학년도 1학기 기초교양 교과목 이수의무 면제 프로그램 신청 안내
2025-03-16 14:23:04.239 [INFO] [Async MailExecutor-1] [k.b.d.n.application.NoticeService] - 크롤링 시작: https://www.konkuk.ac.kr/konkuk/2239/subview.do
2025-03-16 14:23:04.448 [INFO] [Async MailExecutor-1] [k.b.d.n.application.NoticeService] - 2024년 공지가 아님: [기간변경][대청교]2025년도 대학생 청소년교육지원 장학사업 멘토 모집 안내(~3/23(일))
2025-03-16 14:23:07.276 [INFO] [Async MailExecutor-1] [k.b.d.n.application.NoticeService] - 크롤링 시작: https://www.konkuk.ac.kr/konkuk/2240/subview.do
2025-03-16 14:23:07.317 [INFO] [Async MailExecutor-1] [k.b.d.n.application.NoticeService] - 2024년 공지가 아님: [대학일자리+] ★3월 채용설명회, 상담회 안내 (★3월 셋째/넷째주! 한화에어로스페이스, 월드퀀트, 한화생명금융서비스, 신한은행, 법원행정처 등/ 경품 제공)
2025-03-16 14:23:09.132 [INFO] [Async MailExecutor-1] [k.b.d.n.application.NoticeService] - 크롤링 시작: https://www.konkuk.ac.kr/konkuk/2241/subview.do
2025-03-16 14:23:09.324 [INFO] [Async MailExecutor-1] [k.b.d.n.application.NoticeService] - 2024년 공지가 아님: 2025학년도 1학기 해외명사특강 신청 안내(~3.13.(목))
2025-03-16 14:23:12.636 [INFO] [Async MailExecutor-1] [k.b.d.n.application.NoticeService] - 크롤링 시작: https://www.konkuk.ac.kr/konkuk/2242/subview.do
2025-03-16 14:23:12.678 [INFO] [Async MailExecutor-1] [k.b.d.n.application.NoticeService] - 2024년 공지가 아님: 포천시 특별재난지역선포에 따른 예비군훈련 면제 안내
2025-03-16 14:23:15.377 [INFO] [Async MailExecutor-1] [k.b.d.n.application.NoticeService] - 크롤링 시작: https://www.konkuk.ac.kr/konkuk/2244/subview.do
2025-03-16 14:23:15.569 [INFO] [Async MailExecutor-1] [k.b.d.n.application.NoticeService] - 2024년 공지가 아님: 무료 법률상담 프로그램 이용 안내
2025-03-16 14:23:18.555 [INFO] [Async MailExecutor-1] [k.b.d.n.application.NoticeService] - 크롤링 시작: https://www.konkuk.ac.kr/konkuk/19329/subview.do
2025-03-16 14:23:18.742 [INFO] [Async MailExecutor-1] [k.b.d.n.application.NoticeService] - 2024년 공지가 아님: 2025년도 인문사회분야 석사/박사과정생연구장려금 지원사업 신청 안내
2025-03-16 14:23:21.939 [INFO] [Async MailExecutor-1] [k.b.d.n.application.NoticeService] - 크롤링 시작: https://www.konkuk.ac.kr/konkuk/19564/subview.do
2025-03-16 14:23:22.203 [INFO] [Async MailExecutor-1] [k.b.d.n.application.NoticeService] - 2024년 공지가 아님: 언어교육원 행정조교(오후근무) 모집
2025-03-16 14:33:02.709 [INFO] [Async MailExecutor-2] [k.b.d.n.application.NoticeService] - 크롤링 시작: https://www.konkuk.ac.kr/konkuk/2238/subview.do
2025-03-16 14:33:02.759 [INFO] [Async MailExecutor-2] [k.b.d.n.application.NoticeService] - 2024년 공지가 아님: [일반 및 장애학생] 2025학년도 1학기 기초교양 교과목 이수의무 면제 프로그램 신청 안내
2025-03-16 14:33:05.359 [INFO] [Async MailExecutor-2] [k.b.d.n.application.NoticeService] - 크롤링 시작: https://www.konkuk.ac.kr/konkuk/2239/subview.do
2025-03-16 14:33:05.405 [INFO] [Async MailExecutor-2] [k.b.d.n.application.NoticeService] - 2024년 공지가 아님: [기간변경][대청교]2025년도 대학생 청소년교육지원 장학사업 멘토 모집 안내(~3/23(일))
2025-03-16 14:33:07.940 [INFO] [Async MailExecutor-2] [k.b.d.n.application.NoticeService] - 크롤링 시작: https://www.konkuk.ac.kr/konkuk/2240/subview.do
2025-03-16 14:33:07.979 [INFO] [Async MailExecutor-2] [k.b.d.n.application.NoticeService] - 2024년 공지가 아님: [대학일자리+] ★3월 채용설명회, 상담회 안내 (★3월 셋째/넷째주! 한화에어로스페이스, 월드퀀트, 한화생명금융서비스, 신한은행, 법원행정처 등/ 경품 제공)
2025-03-16 14:33:10.459 [INFO] [Async MailExecutor-2] [k.b.d.n.application.NoticeService] - 크롤링 시작: https://www.konkuk.ac.kr/konkuk/2241/subview.do
2025-03-16 14:33:10.711 [INFO] [Async MailExecutor-2] [k.b.d.n.application.NoticeService] - 2024년 공지가 아님: 2025학년도 1학기 해외명사특강 신청 안내(~3.13.(목))
2025-03-16 14:33:14.153 [INFO] [Async MailExecutor-2] [k.b.d.n.application.NoticeService] - 크롤링 시작: https://www.konkuk.ac.kr/konkuk/2242/subview.do
2025-03-16 14:33:14.197 [INFO] [Async MailExecutor-2] [k.b.d.n.application.NoticeService] - 2024년 공지가 아님: 포천시 특별재난지역선포에 따른 예비군훈련 면제 안내
2025-03-16 14:33:17.769 [INFO] [Async MailExecutor-2] [k.b.d.n.application.NoticeService] - 크롤링 시작: https://www.konkuk.ac.kr/konkuk/2244/subview.do
2025-03-16 14:33:17.806 [INFO] [Async MailExecutor-2] [k.b.d.n.application.NoticeService] - 2024년 공지가 아님: 무료 법률상담 프로그램 이용 안내
2025-03-16 14:33:21.008 [INFO] [Async MailExecutor-2] [k.b.d.n.application.NoticeService] - 크롤링 시작: https://www.konkuk.ac.kr/konkuk/19329/subview.do
2025-03-16 14:33:21.042 [INFO] [Async MailExecutor-2] [k.b.d.n.application.NoticeService] - 2024년 공지가 아님: 2025년도 인문사회분야 석사/박사과정생연구장려금 지원사업 신청 안내
2025-03-16 14:33:23.475 [INFO] [Async MailExecutor-2] [k.b.d.n.application.NoticeService] - 크롤링 시작: https://www.konkuk.ac.kr/konkuk/19564/subview.do
2025-03-16 14:33:23.512 [INFO] [Async MailExecutor-2] [k.b.d.n.application.NoticeService] - 2024년 공지가 아님: 언어교육원 행정조교(오후근무) 모집
2025-03-16 14:43:03.159 [INFO] [Async MailExecutor-1] [k.b.d.n.application.NoticeService] - 크롤링 시작: https://www.konkuk.ac.kr/konkuk/2238/subview.do
2025-03-16 14:43:03.216 [INFO] [Async MailExecutor-1] [k.b.d.n.application.NoticeService] - 2024년 공지가 아님: [일반 및 장애학생] 2025학년도 1학기 기초교양 교과목 이수의무 면제 프로그램 신청 안내
2025-03-16 14:43:06.160 [INFO] [Async MailExecutor-1] [k.b.d.n.application.NoticeService] - 크롤링 시작: https://www.konkuk.ac.kr/konkuk/2239/subview.do
2025-03-16 14:43:06.207 [INFO] [Async MailExecutor-1] [k.b.d.n.application.NoticeService] - 2024년 공지가 아님: [기간변경][대청교]2025년도 대학생 청소년교육지원 장학사업 멘토 모집 안내(~3/23(일))
2025-03-16 14:43:09.434 [INFO] [Async MailExecutor-1] [k.b.d.n.application.NoticeService] - 크롤링 시작: https://www.konkuk.ac.kr/konkuk/2240/subview.do
2025-03-16 14:43:09.475 [INFO] [Async MailExecutor-1] [k.b.d.n.application.NoticeService] - 2024년 공지가 아님: [대학일자리+] ★3월 채용설명회, 상담회 안내 (★3월 셋째/넷째주! 한화에어로스페이스, 월드퀀트, 한화생명금융서비스, 신한은행, 법원행정처 등/ 경품 제공)
2025-03-16 14:43:13.227 [INFO] [Async MailExecutor-1] [k.b.d.n.application.NoticeService] - 크롤링 시작: https://www.konkuk.ac.kr/konkuk/2241/subview.do
2025-03-16 14:43:13.261 [INFO] [Async MailExecutor-1] [k.b.d.n.application.NoticeService] - 2024년 공지가 아님: 2025학년도 1학기 해외명사특강 신청 안내(~3.13.(목))
2025-03-16 14:43:16.787 [INFO] [Async MailExecutor-1] [k.b.d.n.application.NoticeService] - 크롤링 시작: https://www.konkuk.ac.kr/konkuk/2242/subview.do
2025-03-16 14:43:16.827 [INFO] [Async MailExecutor-1] [k.b.d.n.application.NoticeService] - 2024년 공지가 아님: 포천시 특별재난지역선포에 따른 예비군훈련 면제 안내
2025-03-16 14:43:19.634 [INFO] [Async MailExecutor-1] [k.b.d.n.application.NoticeService] - 크롤링 시작: https://www.konkuk.ac.kr/konkuk/2244/subview.do
2025-03-16 14:43:19.676 [INFO] [Async MailExecutor-1] [k.b.d.n.application.NoticeService] - 2024년 공지가 아님: 무료 법률상담 프로그램 이용 안내
2025-03-16 14:43:22.757 [INFO] [Async MailExecutor-1] [k.b.d.n.application.NoticeService] - 크롤링 시작: https://www.konkuk.ac.kr/konkuk/19329/subview.do
2025-03-16 14:43:22.791 [INFO] [Async MailExecutor-1] [k.b.d.n.application.NoticeService] - 2024년 공지가 아님: 2025년도 인문사회분야 석사/박사과정생연구장려금 지원사업 신청 안내
2025-03-16 14:43:26.006 [INFO] [Async MailExecutor-1] [k.b.d.n.application.NoticeService] - 크롤링 시작: https://www.konkuk.ac.kr/konkuk/19564/subview.do
2025-03-16 14:43:26.041 [INFO] [Async MailExecutor-1] [k.b.d.n.application.NoticeService] - 2024년 공지가 아님: 언어교육원 행정조교(오후근무) 모집
2025-03-16 15:07:56.704 [INFO] [Async MailExecutor-2] [k.b.d.n.application.NoticeService] - 크롤링 시작: https://www.konkuk.ac.kr/konkuk/2238/subview.do
2025-03-16 15:07:56.755 [INFO] [Async MailExecutor-2] [k.b.d.n.application.NoticeService] - 2024년 공지가 아님: [일반 및 장애학생] 2025학년도 1학기 기초교양 교과목 이수의무 면제 프로그램 신청 안내
2025-03-16 15:07:58.273 [INFO] [Async MailExecutor-2] [k.b.d.n.application.NoticeService] - 크롤링 시작: https://www.konkuk.ac.kr/konkuk/2239/subview.do
2025-03-16 15:07:58.312 [INFO] [Async MailExecutor-2] [k.b.d.n.application.NoticeService] - 2024년 공지가 아님: [기간변경][대청교]2025년도 대학생 청소년교육지원 장학사업 멘토 모집 안내(~3/23(일))
2025-03-16 15:07:59.808 [INFO] [Async MailExecutor-2] [k.b.d.n.application.NoticeService] - 크롤링 시작: https://www.konkuk.ac.kr/konkuk/2240/subview.do
2025-03-16 15:07:59.842 [INFO] [Async MailExecutor-2] [k.b.d.n.application.NoticeService] - 2024년 공지가 아님: [대학일자리+] ★3월 채용설명회, 상담회 안내 (★3월 셋째/넷째주! 한화에어로스페이스, 월드퀀트, 한화생명금융서비스, 신한은행, 법원행정처 등/ 경품 제공)
2025-03-16 15:08:01.303 [INFO] [Async MailExecutor-2] [k.b.d.n.application.NoticeService] - 크롤링 시작: https://www.konkuk.ac.kr/konkuk/2241/subview.do
2025-03-16 15:08:01.342 [INFO] [Async MailExecutor-2] [k.b.d.n.application.NoticeService] - 2024년 공지가 아님: 2025학년도 1학기 해외명사특강 신청 안내(~3.13.(목))
2025-03-16 15:08:03.228 [INFO] [Async MailExecutor-2] [k.b.d.n.application.NoticeService] - 크롤링 시작: https://www.konkuk.ac.kr/konkuk/2242/subview.do
2025-03-16 15:08:03.266 [INFO] [Async MailExecutor-2] [k.b.d.n.application.NoticeService] - 2024년 공지가 아님: 포천시 특별재난지역선포에 따른 예비군훈련 면제 안내
2025-03-16 15:08:04.663 [INFO] [Async MailExecutor-2] [k.b.d.n.application.NoticeService] - 크롤링 시작: https://www.konkuk.ac.kr/konkuk/2244/subview.do
2025-03-16 15:08:04.700 [INFO] [Async MailExecutor-2] [k.b.d.n.application.NoticeService] - 2024년 공지가 아님: 무료 법률상담 프로그램 이용 안내
2025-03-16 15:08:06.367 [INFO] [Async MailExecutor-2] [k.b.d.n.application.NoticeService] - 크롤링 시작: https://www.konkuk.ac.kr/konkuk/19329/subview.do
2025-03-16 15:08:06.403 [INFO] [Async MailExecutor-2] [k.b.d.n.application.NoticeService] - 2024년 공지가 아님: 2025년도 인문사회분야 석사/박사과정생연구장려금 지원사업 신청 안내
2025-03-16 15:08:08.072 [INFO] [Async MailExecutor-2] [k.b.d.n.application.NoticeService] - 크롤링 시작: https://www.konkuk.ac.kr/konkuk/19564/subview.do
2025-03-16 15:08:08.111 [INFO] [Async MailExecutor-2] [k.b.d.n.application.NoticeService] - 2024년 공지가 아님: 언어교육원 행정조교(오후근무) 모집
2025-03-16 15:18:42.864 [INFO] [SpringApplicationShutdownHook] [o.s.o.j.LocalContainerEntityManagerFactoryBean] - Closing JPA EntityManagerFactory for persistence unit 'default'
2025-03-16 15:18:42.868 [INFO] [SpringApplicationShutdownHook] [com.zaxxer.hikari.HikariDataSource] - HikariPool-1 - Shutdown initiated...
2025-03-16 15:18:42.901 [INFO] [SpringApplicationShutdownHook] [com.zaxxer.hikari.HikariDataSource] - HikariPool-1 - Shutdown completed.
2025-03-16 15:18:46.514 [INFO] [background-preinit] [o.h.validator.internal.util.Version] - HV000001: Hibernate Validator 8.0.1.Final
2025-03-16 15:18:46.551 [INFO] [main] [ku_rum.backend.BackendApplication] - Starting BackendApplication using Java 17.0.14 with PID 27194 (/Users/hyerimac/Desktop/dev/kurum/backend/build/classes/java/main started by hyerimac in /Users/hyerimac/Desktop/dev/kurum/backend)
2025-03-16 15:18:46.552 [INFO] [main] [ku_rum.backend.BackendApplication] - The following 3 profiles are active: "local", "port-local", "oauth"
2025-03-16 15:18:47.371 [INFO] [main] [o.s.d.r.c.RepositoryConfigurationDelegate] - Multiple Spring Data modules found, entering strict repository configuration mode
2025-03-16 15:18:47.372 [INFO] [main] [o.s.d.r.c.RepositoryConfigurationDelegate] - Bootstrapping Spring Data JPA repositories in DEFAULT mode.
2025-03-16 15:18:47.491 [INFO] [main] [o.s.d.r.c.RepositoryConfigurationDelegate] - Finished Spring Data repository scanning in 110 ms. Found 11 JPA repository interfaces.
2025-03-16 15:18:47.500 [INFO] [main] [o.s.d.r.c.RepositoryConfigurationDelegate] - Multiple Spring Data modules found, entering strict repository configuration mode
2025-03-16 15:18:47.500 [INFO] [main] [o.s.d.r.c.RepositoryConfigurationDelegate] - Bootstrapping Spring Data Redis repositories in DEFAULT mode.
2025-03-16 15:18:47.514 [INFO] [main] [o.s.d.r.c.RepositoryConfigurationExtensionSupport] - Spring Data Redis - Could not safely identify store assignment for repository candidate interface ku_rum.backend.domain.bookmark.domain.repository.BookmarkRepository; If you want this repository to be a Redis repository, consider annotating your entities with one of these annotations: org.springframework.data.redis.core.RedisHash (preferred), or consider extending one of the following types with your repository: org.springframework.data.keyvalue.repository.KeyValueRepository
2025-03-16 15:18:47.514 [INFO] [main] [o.s.d.r.c.RepositoryConfigurationExtensionSupport] - Spring Data Redis - Could not safely identify store assignment for repository candidate interface ku_rum.backend.domain.building.domain.repository.BuildingRepository; If you want this repository to be a Redis repository, consider annotating your entities with one of these annotations: org.springframework.data.redis.core.RedisHash (preferred), or consider extending one of the following types with your repository: org.springframework.data.keyvalue.repository.KeyValueRepository
2025-03-16 15:18:47.514 [INFO] [main] [o.s.d.r.c.RepositoryConfigurationExtensionSupport] - Spring Data Redis - Could not safely identify store assignment for repository candidate interface ku_rum.backend.domain.category.domain.repository.BuildingCategoryRepository; If you want this repository to be a Redis repository, consider annotating your entities with one of these annotations: org.springframework.data.redis.core.RedisHash (preferred), or consider extending one of the following types with your repository: org.springframework.data.keyvalue.repository.KeyValueRepository
2025-03-16 15:18:47.514 [INFO] [main] [o.s.d.r.c.RepositoryConfigurationExtensionSupport] - Spring Data Redis - Could not safely identify store assignment for repository candidate interface ku_rum.backend.domain.category.domain.repository.CategoryRepository; If you want this repository to be a Redis repository, consider annotating your entities with one of these annotations: org.springframework.data.redis.core.RedisHash (preferred), or consider extending one of the following types with your repository: org.springframework.data.keyvalue.repository.KeyValueRepository
2025-03-16 15:18:47.514 [INFO] [main] [o.s.d.r.c.RepositoryConfigurationExtensionSupport] - Spring Data Redis - Could not safely identify store assignment for repository candidate interface ku_rum.backend.domain.department.domain.repository.DepartmentRepository; If you want this repository to be a Redis repository, consider annotating your entities with one of these annotations: org.springframework.data.redis.core.RedisHash (preferred), or consider extending one of the following types with your repository: org.springframework.data.keyvalue.repository.KeyValueRepository
2025-03-16 15:18:47.514 [INFO] [main] [o.s.d.r.c.RepositoryConfigurationExtensionSupport] - Spring Data Redis - Could not safely identify store assignment for repository candidate interface ku_rum.backend.domain.friend.domain.repository.FriendRepository; If you want this repository to be a Redis repository, consider annotating your entities with one of these annotations: org.springframework.data.redis.core.RedisHash (preferred), or consider extending one of the following types with your repository: org.springframework.data.keyvalue.repository.KeyValueRepository
2025-03-16 15:18:47.515 [INFO] [main] [o.s.d.r.c.RepositoryConfigurationExtensionSupport] - Spring Data Redis - Could not safely identify store assignment for repository candidate interface ku_rum.backend.domain.menu.domain.repository.MenuRepository; If you want this repository to be a Redis repository, consider annotating your entities with one of these annotations: org.springframework.data.redis.core.RedisHash (preferred), or consider extending one of the following types with your repository: org.springframework.data.keyvalue.repository.KeyValueRepository
2025-03-16 15:18:47.515 [INFO] [main] [o.s.d.r.c.RepositoryConfigurationExtensionSupport] - Spring Data Redis - Could not safely identify store assignment for repository candidate interface ku_rum.backend.domain.notice.domain.repository.NoticeRepository; If you want this repository to be a Redis repository, consider annotating your entities with one of these annotations: org.springframework.data.redis.core.RedisHash (preferred), or consider extending one of the following types with your repository: org.springframework.data.keyvalue.repository.KeyValueRepository
2025-03-16 15:18:47.515 [INFO] [main] [o.s.d.r.c.RepositoryConfigurationExtensionSupport] - Spring Data Redis - Could not safely identify store assignment for repository candidate interface ku_rum.backend.domain.recruitment.domain.repository.RecruitmentRepository; If you want this repository to be a Redis repository, consider annotating your entities with one of these annotations: org.springframework.data.redis.core.RedisHash (preferred), or consider extending one of the following types with your repository: org.springframework.data.keyvalue.repository.KeyValueRepository
2025-03-16 15:18:47.516 [INFO] [main] [o.s.d.r.c.RepositoryConfigurationExtensionSupport] - Spring Data Redis - Could not safely identify store assignment for repository candidate interface ku_rum.backend.domain.user.domain.repository.UserRepository; If you want this repository to be a Redis repository, consider annotating your entities with one of these annotations: org.springframework.data.redis.core.RedisHash (preferred), or consider extending one of the following types with your repository: org.springframework.data.keyvalue.repository.KeyValueRepository
2025-03-16 15:18:47.516 [INFO] [main] [o.s.d.r.c.RepositoryConfigurationExtensionSupport] - Spring Data Redis - Could not safely identify store assignment for repository candidate interface ku_rum.backend.global.log.domain.repository.ApiLogRepository; If you want this repository to be a Redis repository, consider annotating your entities with one of these annotations: org.springframework.data.redis.core.RedisHash (preferred), or consider extending one of the following types with your repository: org.springframework.data.keyvalue.repository.KeyValueRepository
2025-03-16 15:18:47.516 [INFO] [main] [o.s.d.r.c.RepositoryConfigurationDelegate] - Finished Spring Data repository scanning in 10 ms. Found 0 Redis repository interfaces.
2025-03-16 15:18:48.163 [INFO] [main] [o.s.b.w.e.tomcat.TomcatWebServer] - Tomcat initialized with port 9000 (http)
2025-03-16 15:18:48.171 [INFO] [main] [o.a.coyote.http11.Http11NioProtocol] - Initializing ProtocolHandler ["http-nio-9000"]
2025-03-16 15:18:48.174 [INFO] [main] [o.a.catalina.core.StandardService] - Starting service [Tomcat]
2025-03-16 15:18:48.174 [INFO] [main] [o.a.catalina.core.StandardEngine] - Starting Servlet engine: [Apache Tomcat/10.1.30]
2025-03-16 15:18:48.218 [INFO] [main] [o.a.c.c.C.[Tomcat].[localhost].[/]] - Initializing Spring embedded WebApplicationContext
2025-03-16 15:18:48.218 [INFO] [main] [o.s.b.w.s.c.ServletWebServerApplicationContext] - Root WebApplicationContext: initialization completed in 1624 ms
2025-03-16 15:18:48.782 [INFO] [main] [org.hibernate.Version] - HHH000412: Hibernate ORM core version 6.5.3.Final
2025-03-16 15:18:48.803 [INFO] [main] [o.h.c.i.RegionFactoryInitiator] - HHH000026: Second-level cache disabled
2025-03-16 15:18:49.028 [INFO] [main] [o.s.o.j.p.SpringPersistenceUnitInfo] - No LoadTimeWeaver setup: ignoring JPA class transformer
2025-03-16 15:18:49.054 [INFO] [main] [com.zaxxer.hikari.HikariDataSource] - HikariPool-1 - Starting...
2025-03-16 15:18:49.351 [INFO] [main] [com.zaxxer.hikari.pool.HikariPool] - HikariPool-1 - Added connection com.mysql.cj.jdbc.ConnectionImpl@7afac89a
2025-03-16 15:18:49.352 [INFO] [main] [com.zaxxer.hikari.HikariDataSource] - HikariPool-1 - Start completed.
2025-03-16 15:18:50.166 [INFO] [main] [o.h.e.t.j.p.i.JtaPlatformInitiator] - HHH000489: No JTA platform available (set 'hibernate.transaction.jta.platform' to enable JTA platform integration)
2025-03-16 15:18:50.722 [INFO] [main] [o.s.o.j.LocalContainerEntityManagerFactoryBean] - Initialized JPA EntityManagerFactory for persistence unit 'default'
2025-03-16 15:18:51.028 [INFO] [main] [o.s.d.j.r.query.QueryEnhancerFactory] - Hibernate is in classpath; If applicable, HQL parser will be used.
2025-03-16 15:18:51.983 [INFO] [main] [o.s.s.c.a.a.c.InitializeUserDetailsBeanManagerConfigurer$InitializeUserDetailsManagerConfigurer] - Global AuthenticationManager configured with UserDetailsService bean with name userDetailsService
2025-03-16 15:18:52.318 [INFO] [main] [o.s.b.a.e.web.EndpointLinksResolver] - Exposing 1 endpoint beneath base path '/actuator'
2025-03-16 15:18:53.040 [INFO] [main] [o.a.coyote.http11.Http11NioProtocol] - Starting ProtocolHandler ["http-nio-9000"]
2025-03-16 15:18:53.050 [INFO] [main] [o.s.b.w.e.tomcat.TomcatWebServer] - Tomcat started on port 9000 (http) with context path '/'
2025-03-16 15:18:53.068 [INFO] [main] [ku_rum.backend.BackendApplication] - Started BackendApplication in 7.263 seconds (process running for 8.331)
2025-03-16 15:18:53.489 [INFO] [main] [k.b.g.d.FulltextIndexInitializer] - ✅ FULLTEXT INDEX 추가됨: 테이블=building, 인덱스=name_fulltext_index
2025-03-16 15:18:53.600 [INFO] [RMI TCP Connection(2)-127.0.0.1] [o.a.c.c.C.[Tomcat].[localhost].[/]] - Initializing Spring DispatcherServlet 'dispatcherServlet'
2025-03-16 15:18:53.600 [INFO] [RMI TCP Connection(2)-127.0.0.1] [o.s.web.servlet.DispatcherServlet] - Initializing Servlet 'dispatcherServlet'
2025-03-16 15:18:53.603 [INFO] [RMI TCP Connection(2)-127.0.0.1] [o.s.web.servlet.DispatcherServlet] - Completed initialization in 3 ms
2025-03-16 15:18:53.669 [INFO] [main] [k.b.g.d.FulltextIndexInitializer] - ✅ FULLTEXT INDEX 추가됨: 테이블=category, 인덱스=name_fulltext_index
2025-03-16 15:18:56.229 [INFO] [Async MailExecutor-1] [k.b.d.n.application.NoticeService] - 크롤링 시작: https://www.konkuk.ac.kr/konkuk/2238/subview.do
2025-03-16 15:18:56.305 [INFO] [Async MailExecutor-1] [k.b.d.n.application.NoticeService] - 2024년 공지가 아님: [일반 및 장애학생] 2025학년도 1학기 기초교양 교과목 이수의무 면제 프로그램 신청 안내
2025-03-16 15:18:57.977 [INFO] [Async MailExecutor-1] [k.b.d.n.application.NoticeService] - 크롤링 시작: https://www.konkuk.ac.kr/konkuk/2239/subview.do
2025-03-16 15:18:58.032 [INFO] [Async MailExecutor-1] [k.b.d.n.application.NoticeService] - 2024년 공지가 아님: [기간변경][대청교]2025년도 대학생 청소년교육지원 장학사업 멘토 모집 안내(~3/23(일))
2025-03-16 15:18:59.438 [INFO] [Async MailExecutor-1] [k.b.d.n.application.NoticeService] - 크롤링 시작: https://www.konkuk.ac.kr/konkuk/2240/subview.do
2025-03-16 15:18:59.494 [INFO] [Async MailExecutor-1] [k.b.d.n.application.NoticeService] - 2024년 공지가 아님: [대학일자리+] ★3월 채용설명회, 상담회 안내 (★3월 셋째/넷째주! 한화에어로스페이스, 월드퀀트, 한화생명금융서비스, 신한은행, 법원행정처 등/ 경품 제공)
2025-03-16 15:19:01.204 [INFO] [Async MailExecutor-1] [k.b.d.n.application.NoticeService] - 크롤링 시작: https://www.konkuk.ac.kr/konkuk/2241/subview.do
2025-03-16 15:19:01.449 [INFO] [Async MailExecutor-1] [k.b.d.n.application.NoticeService] - 2024년 공지가 아님: 2025학년도 1학기 해외명사특강 신청 안내(~3.13.(목))
2025-03-16 15:19:03.304 [INFO] [Async MailExecutor-1] [k.b.d.n.application.NoticeService] - 크롤링 시작: https://www.konkuk.ac.kr/konkuk/2242/subview.do
2025-03-16 15:19:03.357 [INFO] [Async MailExecutor-1] [k.b.d.n.application.NoticeService] - 2024년 공지가 아님: 포천시 특별재난지역선포에 따른 예비군훈련 면제 안내
2025-03-16 15:19:04.675 [INFO] [Async MailExecutor-1] [k.b.d.n.application.NoticeService] - 크롤링 시작: https://www.konkuk.ac.kr/konkuk/2244/subview.do
2025-03-16 15:19:04.717 [INFO] [Async MailExecutor-1] [k.b.d.n.application.NoticeService] - 2024년 공지가 아님: 무료 법률상담 프로그램 이용 안내
2025-03-16 15:19:06.491 [INFO] [Async MailExecutor-1] [k.b.d.n.application.NoticeService] - 크롤링 시작: https://www.konkuk.ac.kr/konkuk/19329/subview.do
2025-03-16 15:19:06.527 [INFO] [Async MailExecutor-1] [k.b.d.n.application.NoticeService] - 2024년 공지가 아님: 2025년도 인문사회분야 석사/박사과정생연구장려금 지원사업 신청 안내
2025-03-16 15:19:07.906 [INFO] [Async MailExecutor-1] [k.b.d.n.application.NoticeService] - 크롤링 시작: https://www.konkuk.ac.kr/konkuk/19564/subview.do
2025-03-16 15:19:07.950 [INFO] [Async MailExecutor-1] [k.b.d.n.application.NoticeService] - 2024년 공지가 아님: 언어교육원 행정조교(오후근무) 모집
2025-03-16 15:20:26.347 [INFO] [SpringApplicationShutdownHook] [o.s.o.j.LocalContainerEntityManagerFactoryBean] - Closing JPA EntityManagerFactory for persistence unit 'default'
2025-03-16 15:20:26.351 [INFO] [SpringApplicationShutdownHook] [com.zaxxer.hikari.HikariDataSource] - HikariPool-1 - Shutdown initiated...
2025-03-16 15:20:26.367 [INFO] [SpringApplicationShutdownHook] [com.zaxxer.hikari.HikariDataSource] - HikariPool-1 - Shutdown completed.
2025-03-16 15:20:29.463 [INFO] [background-preinit] [o.h.validator.internal.util.Version] - HV000001: Hibernate Validator 8.0.1.Final
2025-03-16 15:20:29.511 [INFO] [main] [ku_rum.backend.BackendApplication] - Starting BackendApplication using Java 17.0.14 with PID 28358 (/Users/hyerimac/Desktop/dev/kurum/backend/build/classes/java/main started by hyerimac in /Users/hyerimac/Desktop/dev/kurum/backend)
2025-03-16 15:20:29.512 [INFO] [main] [ku_rum.backend.BackendApplication] - The following 3 profiles are active: "local", "port-local", "oauth"
2025-03-16 15:20:30.476 [INFO] [main] [o.s.d.r.c.RepositoryConfigurationDelegate] - Multiple Spring Data modules found, entering strict repository configuration mode
2025-03-16 15:20:30.477 [INFO] [main] [o.s.d.r.c.RepositoryConfigurationDelegate] - Bootstrapping Spring Data JPA repositories in DEFAULT mode.
2025-03-16 15:20:30.599 [INFO] [main] [o.s.d.r.c.RepositoryConfigurationDelegate] - Finished Spring Data repository scanning in 107 ms. Found 11 JPA repository interfaces.
2025-03-16 15:20:30.607 [INFO] [main] [o.s.d.r.c.RepositoryConfigurationDelegate] - Multiple Spring Data modules found, entering strict repository configuration mode
2025-03-16 15:20:30.608 [INFO] [main] [o.s.d.r.c.RepositoryConfigurationDelegate] - Bootstrapping Spring Data Redis repositories in DEFAULT mode.
2025-03-16 15:20:30.620 [INFO] [main] [o.s.d.r.c.RepositoryConfigurationExtensionSupport] - Spring Data Redis - Could not safely identify store assignment for repository candidate interface ku_rum.backend.domain.bookmark.domain.repository.BookmarkRepository; If you want this repository to be a Redis repository, consider annotating your entities with one of these annotations: org.springframework.data.redis.core.RedisHash (preferred), or consider extending one of the following types with your repository: org.springframework.data.keyvalue.repository.KeyValueRepository
2025-03-16 15:20:30.621 [INFO] [main] [o.s.d.r.c.RepositoryConfigurationExtensionSupport] - Spring Data Redis - Could not safely identify store assignment for repository candidate interface ku_rum.backend.domain.building.domain.repository.BuildingRepository; If you want this repository to be a Redis repository, consider annotating your entities with one of these annotations: org.springframework.data.redis.core.RedisHash (preferred), or consider extending one of the following types with your repository: org.springframework.data.keyvalue.repository.KeyValueRepository
2025-03-16 15:20:30.621 [INFO] [main] [o.s.d.r.c.RepositoryConfigurationExtensionSupport] - Spring Data Redis - Could not safely identify store assignment for repository candidate interface ku_rum.backend.domain.category.domain.repository.BuildingCategoryRepository; If you want this repository to be a Redis repository, consider annotating your entities with one of these annotations: org.springframework.data.redis.core.RedisHash (preferred), or consider extending one of the following types with your repository: org.springframework.data.keyvalue.repository.KeyValueRepository
2025-03-16 15:20:30.621 [INFO] [main] [o.s.d.r.c.RepositoryConfigurationExtensionSupport] - Spring Data Redis - Could not safely identify store assignment for repository candidate interface ku_rum.backend.domain.category.domain.repository.CategoryRepository; If you want this repository to be a Redis repository, consider annotating your entities with one of these annotations: org.springframework.data.redis.core.RedisHash (preferred), or consider extending one of the following types with your repository: org.springframework.data.keyvalue.repository.KeyValueRepository
2025-03-16 15:20:30.621 [INFO] [main] [o.s.d.r.c.RepositoryConfigurationExtensionSupport] - Spring Data Redis - Could not safely identify store assignment for repository candidate interface ku_rum.backend.domain.department.domain.repository.DepartmentRepository; If you want this repository to be a Redis repository, consider annotating your entities with one of these annotations: org.springframework.data.redis.core.RedisHash (preferred), or consider extending one of the following types with your repository: org.springframework.data.keyvalue.repository.KeyValueRepository
2025-03-16 15:20:30.621 [INFO] [main] [o.s.d.r.c.RepositoryConfigurationExtensionSupport] - Spring Data Redis - Could not safely identify store assignment for repository candidate interface ku_rum.backend.domain.friend.domain.repository.FriendRepository; If you want this repository to be a Redis repository, consider annotating your entities with one of these annotations: org.springframework.data.redis.core.RedisHash (preferred), or consider extending one of the following types with your repository: org.springframework.data.keyvalue.repository.KeyValueRepository
2025-03-16 15:20:30.621 [INFO] [main] [o.s.d.r.c.RepositoryConfigurationExtensionSupport] - Spring Data Redis - Could not safely identify store assignment for repository candidate interface ku_rum.backend.domain.menu.domain.repository.MenuRepository; If you want this repository to be a Redis repository, consider annotating your entities with one of these annotations: org.springframework.data.redis.core.RedisHash (preferred), or consider extending one of the following types with your repository: org.springframework.data.keyvalue.repository.KeyValueRepository
2025-03-16 15:20:30.621 [INFO] [main] [o.s.d.r.c.RepositoryConfigurationExtensionSupport] - Spring Data Redis - Could not safely identify store assignment for repository candidate interface ku_rum.backend.domain.notice.domain.repository.NoticeRepository; If you want this repository to be a Redis repository, consider annotating your entities with one of these annotations: org.springframework.data.redis.core.RedisHash (preferred), or consider extending one of the following types with your repository: org.springframework.data.keyvalue.repository.KeyValueRepository
2025-03-16 15:20:30.622 [INFO] [main] [o.s.d.r.c.RepositoryConfigurationExtensionSupport] - Spring Data Redis - Could not safely identify store assignment for repository candidate interface ku_rum.backend.domain.recruitment.domain.repository.RecruitmentRepository; If you want this repository to be a Redis repository, consider annotating your entities with one of these annotations: org.springframework.data.redis.core.RedisHash (preferred), or consider extending one of the following types with your repository: org.springframework.data.keyvalue.repository.KeyValueRepository
2025-03-16 15:20:30.622 [INFO] [main] [o.s.d.r.c.RepositoryConfigurationExtensionSupport] - Spring Data Redis - Could not safely identify store assignment for repository candidate interface ku_rum.backend.domain.user.domain.repository.UserRepository; If you want this repository to be a Redis repository, consider annotating your entities with one of these annotations: org.springframework.data.redis.core.RedisHash (preferred), or consider extending one of the following types with your repository: org.springframework.data.keyvalue.repository.KeyValueRepository
2025-03-16 15:20:30.623 [INFO] [main] [o.s.d.r.c.RepositoryConfigurationExtensionSupport] - Spring Data Redis - Could not safely identify store assignment for repository candidate interface ku_rum.backend.global.log.domain.repository.ApiLogRepository; If you want this repository to be a Redis repository, consider annotating your entities with one of these annotations: org.springframework.data.redis.core.RedisHash (preferred), or consider extending one of the following types with your repository: org.springframework.data.keyvalue.repository.KeyValueRepository
2025-03-16 15:20:30.623 [INFO] [main] [o.s.d.r.c.RepositoryConfigurationDelegate] - Finished Spring Data repository scanning in 10 ms. Found 0 Redis repository interfaces.
2025-03-16 15:20:31.192 [INFO] [main] [o.s.b.w.e.tomcat.TomcatWebServer] - Tomcat initialized with port 9000 (http)
2025-03-16 15:20:31.199 [INFO] [main] [o.a.coyote.http11.Http11NioProtocol] - Initializing ProtocolHandler ["http-nio-9000"]
2025-03-16 15:20:31.201 [INFO] [main] [o.a.catalina.core.StandardService] - Starting service [Tomcat]
2025-03-16 15:20:31.201 [INFO] [main] [o.a.catalina.core.StandardEngine] - Starting Servlet engine: [Apache Tomcat/10.1.30]
2025-03-16 15:20:31.242 [INFO] [main] [o.a.c.c.C.[Tomcat].[localhost].[/]] - Initializing Spring embedded WebApplicationContext
2025-03-16 15:20:31.243 [INFO] [main] [o.s.b.w.s.c.ServletWebServerApplicationContext] - Root WebApplicationContext: initialization completed in 1667 ms
2025-03-16 15:20:31.744 [INFO] [main] [org.hibernate.Version] - HHH000412: Hibernate ORM core version 6.5.3.Final
2025-03-16 15:20:31.762 [INFO] [main] [o.h.c.i.RegionFactoryInitiator] - HHH000026: Second-level cache disabled
2025-03-16 15:20:31.931 [INFO] [main] [o.s.o.j.p.SpringPersistenceUnitInfo] - No LoadTimeWeaver setup: ignoring JPA class transformer
2025-03-16 15:20:31.949 [INFO] [main] [com.zaxxer.hikari.HikariDataSource] - HikariPool-1 - Starting...
2025-03-16 15:20:32.144 [INFO] [main] [com.zaxxer.hikari.pool.HikariPool] - HikariPool-1 - Added connection com.mysql.cj.jdbc.ConnectionImpl@6af02de0
2025-03-16 15:20:32.145 [INFO] [main] [com.zaxxer.hikari.HikariDataSource] - HikariPool-1 - Start completed.
2025-03-16 15:20:32.833 [INFO] [main] [o.h.e.t.j.p.i.JtaPlatformInitiator] - HHH000489: No JTA platform available (set 'hibernate.transaction.jta.platform' to enable JTA platform integration)
2025-03-16 15:20:33.351 [INFO] [main] [o.s.o.j.LocalContainerEntityManagerFactoryBean] - Initialized JPA EntityManagerFactory for persistence unit 'default'
2025-03-16 15:20:33.659 [INFO] [main] [o.s.d.j.r.query.QueryEnhancerFactory] - Hibernate is in classpath; If applicable, HQL parser will be used.
2025-03-16 15:20:34.620 [INFO] [main] [o.s.s.c.a.a.c.InitializeUserDetailsBeanManagerConfigurer$InitializeUserDetailsManagerConfigurer] - Global AuthenticationManager configured with UserDetailsService bean with name userDetailsService
2025-03-16 15:20:34.918 [INFO] [main] [o.s.b.a.e.web.EndpointLinksResolver] - Exposing 1 endpoint beneath base path '/actuator'
2025-03-16 15:20:35.572 [INFO] [main] [o.a.coyote.http11.Http11NioProtocol] - Starting ProtocolHandler ["http-nio-9000"]
2025-03-16 15:20:35.580 [INFO] [main] [o.s.b.w.e.tomcat.TomcatWebServer] - Tomcat started on port 9000 (http) with context path '/'
2025-03-16 15:20:35.599 [INFO] [main] [ku_rum.backend.BackendApplication] - Started BackendApplication in 6.5 seconds (process running for 6.988)
2025-03-16 15:20:35.968 [INFO] [main] [k.b.g.d.FulltextIndexInitializer] - ✅ FULLTEXT INDEX 추가됨: 테이블=building, 인덱스=name_fulltext_index
2025-03-16 15:20:36.029 [INFO] [main] [k.b.g.d.FulltextIndexInitializer] - ✅ FULLTEXT INDEX 추가됨: 테이블=category, 인덱스=name_fulltext_index
2025-03-16 15:20:36.386 [INFO] [RMI TCP Connection(4)-127.0.0.1] [o.a.c.c.C.[Tomcat].[localhost].[/]] - Initializing Spring DispatcherServlet 'dispatcherServlet'
2025-03-16 15:20:36.387 [INFO] [RMI TCP Connection(4)-127.0.0.1] [o.s.web.servlet.DispatcherServlet] - Initializing Servlet 'dispatcherServlet'
2025-03-16 15:20:36.388 [INFO] [RMI TCP Connection(4)-127.0.0.1] [o.s.web.servlet.DispatcherServlet] - Completed initialization in 1 ms
2025-03-16 15:20:38.780 [INFO] [Async MailExecutor-1] [k.b.d.n.application.NoticeService] - 크롤링 시작: https://www.konkuk.ac.kr/konkuk/2238/subview.do
2025-03-16 15:20:38.854 [INFO] [Async MailExecutor-1] [k.b.d.n.application.NoticeService] - 2024년 공지가 아님: [일반 및 장애학생] 2025학년도 1학기 기초교양 교과목 이수의무 면제 프로그램 신청 안내
2025-03-16 15:20:40.387 [INFO] [Async MailExecutor-1] [k.b.d.n.application.NoticeService] - 크롤링 시작: https://www.konkuk.ac.kr/konkuk/2239/subview.do
2025-03-16 15:20:40.436 [INFO] [Async MailExecutor-1] [k.b.d.n.application.NoticeService] - 2024년 공지가 아님: [기간변경][대청교]2025년도 대학생 청소년교육지원 장학사업 멘토 모집 안내(~3/23(일))
2025-03-16 15:20:41.968 [INFO] [Async MailExecutor-1] [k.b.d.n.application.NoticeService] - 크롤링 시작: https://www.konkuk.ac.kr/konkuk/2240/subview.do
2025-03-16 15:20:42.013 [INFO] [Async MailExecutor-1] [k.b.d.n.application.NoticeService] - 2024년 공지가 아님: [대학일자리+] ★3월 채용설명회, 상담회 안내 (★3월 셋째/넷째주! 한화에어로스페이스, 월드퀀트, 한화생명금융서비스, 신한은행, 법원행정처 등/ 경품 제공)
2025-03-16 15:20:43.460 [INFO] [Async MailExecutor-1] [k.b.d.n.application.NoticeService] - 크롤링 시작: https://www.konkuk.ac.kr/konkuk/2241/subview.do
2025-03-16 15:20:43.505 [INFO] [Async MailExecutor-1] [k.b.d.n.application.NoticeService] - 2024년 공지가 아님: 2025학년도 1학기 해외명사특강 신청 안내(~3.13.(목))
2025-03-16 15:20:44.833 [INFO] [Async MailExecutor-1] [k.b.d.n.application.NoticeService] - 크롤링 시작: https://www.konkuk.ac.kr/konkuk/2242/subview.do
2025-03-16 15:20:45.086 [INFO] [Async MailExecutor-1] [k.b.d.n.application.NoticeService] - 2024년 공지가 아님: 포천시 특별재난지역선포에 따른 예비군훈련 면제 안내
2025-03-16 15:20:46.516 [INFO] [Async MailExecutor-1] [k.b.d.n.application.NoticeService] - 크롤링 시작: https://www.konkuk.ac.kr/konkuk/2244/subview.do
2025-03-16 15:20:46.573 [INFO] [Async MailExecutor-1] [k.b.d.n.application.NoticeService] - 2024년 공지가 아님: 무료 법률상담 프로그램 이용 안내
2025-03-16 15:20:47.919 [INFO] [Async MailExecutor-1] [k.b.d.n.application.NoticeService] - 크롤링 시작: https://www.konkuk.ac.kr/konkuk/19329/subview.do
2025-03-16 15:20:47.963 [INFO] [Async MailExecutor-1] [k.b.d.n.application.NoticeService] - 2024년 공지가 아님: 2025년도 인문사회분야 석사/박사과정생연구장려금 지원사업 신청 안내
2025-03-16 15:20:49.470 [INFO] [Async MailExecutor-1] [k.b.d.n.application.NoticeService] - 크롤링 시작: https://www.konkuk.ac.kr/konkuk/19564/subview.do
2025-03-16 15:20:49.512 [INFO] [Async MailExecutor-1] [k.b.d.n.application.NoticeService] - 2024년 공지가 아님: 언어교육원 행정조교(오후근무) 모집
2025-03-16 15:23:18.584 [INFO] [SpringApplicationShutdownHook] [o.s.o.j.LocalContainerEntityManagerFactoryBean] - Closing JPA EntityManagerFactory for persistence unit 'default'
2025-03-16 15:23:18.589 [INFO] [SpringApplicationShutdownHook] [com.zaxxer.hikari.HikariDataSource] - HikariPool-1 - Shutdown initiated...
2025-03-16 15:23:18.608 [INFO] [SpringApplicationShutdownHook] [com.zaxxer.hikari.HikariDataSource] - HikariPool-1 - Shutdown completed.
2025-03-16 15:23:22.427 [INFO] [background-preinit] [o.h.validator.internal.util.Version] - HV000001: Hibernate Validator 8.0.1.Final
2025-03-16 15:23:22.463 [INFO] [main] [ku_rum.backend.BackendApplication] - Starting BackendApplication using Java 17.0.14 with PID 30178 (/Users/hyerimac/Desktop/dev/kurum/backend/build/classes/java/main started by hyerimac in /Users/hyerimac/Desktop/dev/kurum/backend)
2025-03-16 15:23:22.463 [INFO] [main] [ku_rum.backend.BackendApplication] - The following 3 profiles are active: "local", "port-local", "oauth"
2025-03-16 15:23:23.155 [INFO] [main] [o.s.d.r.c.RepositoryConfigurationDelegate] - Multiple Spring Data modules found, entering strict repository configuration mode
2025-03-16 15:23:23.156 [INFO] [main] [o.s.d.r.c.RepositoryConfigurationDelegate] - Bootstrapping Spring Data JPA repositories in DEFAULT mode.
2025-03-16 15:23:23.269 [INFO] [main] [o.s.d.r.c.RepositoryConfigurationDelegate] - Finished Spring Data repository scanning in 104 ms. Found 11 JPA repository interfaces.
2025-03-16 15:23:23.277 [INFO] [main] [o.s.d.r.c.RepositoryConfigurationDelegate] - Multiple Spring Data modules found, entering strict repository configuration mode
2025-03-16 15:23:23.277 [INFO] [main] [o.s.d.r.c.RepositoryConfigurationDelegate] - Bootstrapping Spring Data Redis repositories in DEFAULT mode.
2025-03-16 15:23:23.294 [INFO] [main] [o.s.d.r.c.RepositoryConfigurationExtensionSupport] - Spring Data Redis - Could not safely identify store assignment for repository candidate interface ku_rum.backend.domain.bookmark.domain.repository.BookmarkRepository; If you want this repository to be a Redis repository, consider annotating your entities with one of these annotations: org.springframework.data.redis.core.RedisHash (preferred), or consider extending one of the following types with your repository: org.springframework.data.keyvalue.repository.KeyValueRepository
2025-03-16 15:23:23.295 [INFO] [main] [o.s.d.r.c.RepositoryConfigurationExtensionSupport] - Spring Data Redis - Could not safely identify store assignment for repository candidate interface ku_rum.backend.domain.building.domain.repository.BuildingRepository; If you want this repository to be a Redis repository, consider annotating your entities with one of these annotations: org.springframework.data.redis.core.RedisHash (preferred), or consider extending one of the following types with your repository: org.springframework.data.keyvalue.repository.KeyValueRepository
2025-03-16 15:23:23.295 [INFO] [main] [o.s.d.r.c.RepositoryConfigurationExtensionSupport] - Spring Data Redis - Could not safely identify store assignment for repository candidate interface ku_rum.backend.domain.category.domain.repository.BuildingCategoryRepository; If you want this repository to be a Redis repository, consider annotating your entities with one of these annotations: org.springframework.data.redis.core.RedisHash (preferred), or consider extending one of the following types with your repository: org.springframework.data.keyvalue.repository.KeyValueRepository
2025-03-16 15:23:23.295 [INFO] [main] [o.s.d.r.c.RepositoryConfigurationExtensionSupport] - Spring Data Redis - Could not safely identify store assignment for repository candidate interface ku_rum.backend.domain.category.domain.repository.CategoryRepository; If you want this repository to be a Redis repository, consider annotating your entities with one of these annotations: org.springframework.data.redis.core.RedisHash (preferred), or consider extending one of the following types with your repository: org.springframework.data.keyvalue.repository.KeyValueRepository
2025-03-16 15:23:23.295 [INFO] [main] [o.s.d.r.c.RepositoryConfigurationExtensionSupport] - Spring Data Redis - Could not safely identify store assignment for repository candidate interface ku_rum.backend.domain.department.domain.repository.DepartmentRepository; If you want this repository to be a Redis repository, consider annotating your entities with one of these annotations: org.springframework.data.redis.core.RedisHash (preferred), or consider extending one of the following types with your repository: org.springframework.data.keyvalue.repository.KeyValueRepository
2025-03-16 15:23:23.295 [INFO] [main] [o.s.d.r.c.RepositoryConfigurationExtensionSupport] - Spring Data Redis - Could not safely identify store assignment for repository candidate interface ku_rum.backend.domain.friend.domain.repository.FriendRepository; If you want this repository to be a Redis repository, consider annotating your entities with one of these annotations: org.springframework.data.redis.core.RedisHash (preferred), or consider extending one of the following types with your repository: org.springframework.data.keyvalue.repository.KeyValueRepository
2025-03-16 15:23:23.295 [INFO] [main] [o.s.d.r.c.RepositoryConfigurationExtensionSupport] - Spring Data Redis - Could not safely identify store assignment for repository candidate interface ku_rum.backend.domain.menu.domain.repository.MenuRepository; If you want this repository to be a Redis repository, consider annotating your entities with one of these annotations: org.springframework.data.redis.core.RedisHash (preferred), or consider extending one of the following types with your repository: org.springframework.data.keyvalue.repository.KeyValueRepository
2025-03-16 15:23:23.295 [INFO] [main] [o.s.d.r.c.RepositoryConfigurationExtensionSupport] - Spring Data Redis - Could not safely identify store assignment for repository candidate interface ku_rum.backend.domain.notice.domain.repository.NoticeRepository; If you want this repository to be a Redis repository, consider annotating your entities with one of these annotations: org.springframework.data.redis.core.RedisHash (preferred), or consider extending one of the following types with your repository: org.springframework.data.keyvalue.repository.KeyValueRepository
2025-03-16 15:23:23.295 [INFO] [main] [o.s.d.r.c.RepositoryConfigurationExtensionSupport] - Spring Data Redis - Could not safely identify store assignment for repository candidate interface ku_rum.backend.domain.recruitment.domain.repository.RecruitmentRepository; If you want this repository to be a Redis repository, consider annotating your entities with one of these annotations: org.springframework.data.redis.core.RedisHash (preferred), or consider extending one of the following types with your repository: org.springframework.data.keyvalue.repository.KeyValueRepository
2025-03-16 15:23:23.296 [INFO] [main] [o.s.d.r.c.RepositoryConfigurationExtensionSupport] - Spring Data Redis - Could not safely identify store assignment for repository candidate interface ku_rum.backend.domain.user.domain.repository.UserRepository; If you want this repository to be a Redis repository, consider annotating your entities with one of these annotations: org.springframework.data.redis.core.RedisHash (preferred), or consider extending one of the following types with your repository: org.springframework.data.keyvalue.repository.KeyValueRepository
2025-03-16 15:23:23.296 [INFO] [main] [o.s.d.r.c.RepositoryConfigurationExtensionSupport] - Spring Data Redis - Could not safely identify store assignment for repository candidate interface ku_rum.backend.global.log.domain.repository.ApiLogRepository; If you want this repository to be a Redis repository, consider annotating your entities with one of these annotations: org.springframework.data.redis.core.RedisHash (preferred), or consider extending one of the following types with your repository: org.springframework.data.keyvalue.repository.KeyValueRepository
2025-03-16 15:23:23.296 [INFO] [main] [o.s.d.r.c.RepositoryConfigurationDelegate] - Finished Spring Data repository scanning in 14 ms. Found 0 Redis repository interfaces.
2025-03-16 15:23:23.853 [INFO] [main] [o.s.b.w.e.tomcat.TomcatWebServer] - Tomcat initialized with port 9000 (http)
2025-03-16 15:23:23.859 [INFO] [main] [o.a.coyote.http11.Http11NioProtocol] - Initializing ProtocolHandler ["http-nio-9000"]
2025-03-16 15:23:23.862 [INFO] [main] [o.a.catalina.core.StandardService] - Starting service [Tomcat]
2025-03-16 15:23:23.862 [INFO] [main] [o.a.catalina.core.StandardEngine] - Starting Servlet engine: [Apache Tomcat/10.1.30]
2025-03-16 15:23:23.902 [INFO] [main] [o.a.c.c.C.[Tomcat].[localhost].[/]] - Initializing Spring embedded WebApplicationContext
2025-03-16 15:23:23.902 [INFO] [main] [o.s.b.w.s.c.ServletWebServerApplicationContext] - Root WebApplicationContext: initialization completed in 1410 ms
2025-03-16 15:23:24.405 [INFO] [main] [org.hibernate.Version] - HHH000412: Hibernate ORM core version 6.5.3.Final
2025-03-16 15:23:24.422 [INFO] [main] [o.h.c.i.RegionFactoryInitiator] - HHH000026: Second-level cache disabled
2025-03-16 15:23:24.596 [INFO] [main] [o.s.o.j.p.SpringPersistenceUnitInfo] - No LoadTimeWeaver setup: ignoring JPA class transformer
2025-03-16 15:23:24.615 [INFO] [main] [com.zaxxer.hikari.HikariDataSource] - HikariPool-1 - Starting...
2025-03-16 15:23:24.800 [INFO] [main] [com.zaxxer.hikari.pool.HikariPool] - HikariPool-1 - Added connection com.mysql.cj.jdbc.ConnectionImpl@501956f9
2025-03-16 15:23:24.801 [INFO] [main] [com.zaxxer.hikari.HikariDataSource] - HikariPool-1 - Start completed.
2025-03-16 15:23:25.481 [INFO] [main] [o.h.e.t.j.p.i.JtaPlatformInitiator] - HHH000489: No JTA platform available (set 'hibernate.transaction.jta.platform' to enable JTA platform integration)
2025-03-16 15:23:26.142 [INFO] [main] [o.s.o.j.LocalContainerEntityManagerFactoryBean] - Initialized JPA EntityManagerFactory for persistence unit 'default'
2025-03-16 15:23:26.467 [INFO] [main] [o.s.d.j.r.query.QueryEnhancerFactory] - Hibernate is in classpath; If applicable, HQL parser will be used.
2025-03-16 15:23:27.403 [INFO] [main] [o.s.s.c.a.a.c.InitializeUserDetailsBeanManagerConfigurer$InitializeUserDetailsManagerConfigurer] - Global AuthenticationManager configured with UserDetailsService bean with name userDetailsService
2025-03-16 15:23:27.710 [INFO] [main] [o.s.b.a.e.web.EndpointLinksResolver] - Exposing 1 endpoint beneath base path '/actuator'
2025-03-16 15:23:28.392 [INFO] [main] [o.a.coyote.http11.Http11NioProtocol] - Starting ProtocolHandler ["http-nio-9000"]
2025-03-16 15:23:28.401 [INFO] [main] [o.s.b.w.e.tomcat.TomcatWebServer] - Tomcat started on port 9000 (http) with context path '/'
2025-03-16 15:23:28.423 [INFO] [main] [ku_rum.backend.BackendApplication] - Started BackendApplication in 6.292 seconds (process running for 7.445)
2025-03-16 15:23:28.817 [INFO] [main] [k.b.g.d.FulltextIndexInitializer] - ✅ FULLTEXT INDEX 추가됨: 테이블=building, 인덱스=name_fulltext_index
2025-03-16 15:23:28.901 [INFO] [main] [k.b.g.d.FulltextIndexInitializer] - ✅ FULLTEXT INDEX 추가됨: 테이블=category, 인덱스=name_fulltext_index
2025-03-16 15:23:29.309 [INFO] [RMI TCP Connection(2)-127.0.0.1] [o.a.c.c.C.[Tomcat].[localhost].[/]] - Initializing Spring DispatcherServlet 'dispatcherServlet'
2025-03-16 15:23:29.309 [INFO] [RMI TCP Connection(2)-127.0.0.1] [o.s.web.servlet.DispatcherServlet] - Initializing Servlet 'dispatcherServlet'
2025-03-16 15:23:29.310 [INFO] [RMI TCP Connection(2)-127.0.0.1] [o.s.web.servlet.DispatcherServlet] - Completed initialization in 1 ms
2025-03-16 15:23:31.444 [INFO] [Async MailExecutor-1] [k.b.d.n.application.NoticeService] - 크롤링 시작: https://www.konkuk.ac.kr/konkuk/2238/subview.do
2025-03-16 15:23:31.543 [INFO] [Async MailExecutor-1] [k.b.d.n.application.NoticeService] - 2024년 공지가 아님: [일반 및 장애학생] 2025학년도 1학기 기초교양 교과목 이수의무 면제 프로그램 신청 안내
2025-03-16 15:23:33.558 [INFO] [Async MailExecutor-1] [k.b.d.n.application.NoticeService] - 크롤링 시작: https://www.konkuk.ac.kr/konkuk/2239/subview.do
2025-03-16 15:23:33.614 [INFO] [Async MailExecutor-1] [k.b.d.n.application.NoticeService] - 2024년 공지가 아님: [기간변경][대청교]2025년도 대학생 청소년교육지원 장학사업 멘토 모집 안내(~3/23(일))
2025-03-16 15:23:35.189 [INFO] [Async MailExecutor-1] [k.b.d.n.application.NoticeService] - 크롤링 시작: https://www.konkuk.ac.kr/konkuk/2240/subview.do
2025-03-16 15:23:35.237 [INFO] [Async MailExecutor-1] [k.b.d.n.application.NoticeService] - 2024년 공지가 아님: [대학일자리+] ★3월 채용설명회, 상담회 안내 (★3월 셋째/넷째주! 한화에어로스페이스, 월드퀀트, 한화생명금융서비스, 신한은행, 법원행정처 등/ 경품 제공)
2025-03-16 15:23:38.104 [INFO] [Async MailExecutor-1] [k.b.d.n.application.NoticeService] - 크롤링 시작: https://www.konkuk.ac.kr/konkuk/2241/subview.do
2025-03-16 15:23:38.303 [INFO] [Async MailExecutor-1] [k.b.d.n.application.NoticeService] - 2024년 공지가 아님: 2025학년도 1학기 해외명사특강 신청 안내(~3.13.(목))
2025-03-16 15:23:40.705 [INFO] [Async MailExecutor-1] [k.b.d.n.application.NoticeService] - 크롤링 시작: https://www.konkuk.ac.kr/konkuk/2242/subview.do
2025-03-16 15:23:40.748 [INFO] [Async MailExecutor-1] [k.b.d.n.application.NoticeService] - 2024년 공지가 아님: 포천시 특별재난지역선포에 따른 예비군훈련 면제 안내
2025-03-16 15:23:42.239 [INFO] [Async MailExecutor-1] [k.b.d.n.application.NoticeService] - 크롤링 시작: https://www.konkuk.ac.kr/konkuk/2244/subview.do
2025-03-16 15:23:42.286 [INFO] [Async MailExecutor-1] [k.b.d.n.application.NoticeService] - 2024년 공지가 아님: 무료 법률상담 프로그램 이용 안내
2025-03-16 15:23:44.118 [INFO] [Async MailExecutor-1] [k.b.d.n.application.NoticeService] - 크롤링 시작: https://www.konkuk.ac.kr/konkuk/19329/subview.do
2025-03-16 15:23:44.306 [INFO] [Async MailExecutor-1] [k.b.d.n.application.NoticeService] - 2024년 공지가 아님: 2025년도 인문사회분야 석사/박사과정생연구장려금 지원사업 신청 안내
2025-03-16 15:23:45.718 [INFO] [Async MailExecutor-1] [k.b.d.n.application.NoticeService] - 크롤링 시작: https://www.konkuk.ac.kr/konkuk/19564/subview.do
2025-03-16 15:23:45.759 [INFO] [Async MailExecutor-1] [k.b.d.n.application.NoticeService] - 2024년 공지가 아님: 언어교육원 행정조교(오후근무) 모집
2025-03-16 15:24:32.741 [INFO] [http-nio-9000-exec-1] [k.b.g.l.i.LoggingInterceptor] - 
 HTTP Method : GET 
 Request URI : /actuator/waves.user.count_1 
 AccessToken Exist : false 
 Request Body : 
 Request Time : 2025-03-16T15:24:32.722818
 Request IP : 0:0:0:0:0:0:0:1
2025-03-16 15:25:35.104 [INFO] [http-nio-9000-exec-4] [k.b.g.l.i.LoggingInterceptor] - 
 HTTP Method : GET 
 Request URI : /actuator/metrics/waves.user.count_1 
 AccessToken Exist : false 
 Request Body : 
 Request Time : 2025-03-16T15:25:35.087918
 Request IP : 0:0:0:0:0:0:0:1
2025-03-16 15:27:15.165 [INFO] [http-nio-9000-exec-7] [k.b.g.l.i.LoggingInterceptor] - 
 HTTP Method : GET 
 Request URI : /actuator/metrics/waves.user.count.1 
 AccessToken Exist : false 
 Request Body : 
 Request Time : 2025-03-16T15:27:15.144079
 Request IP : 0:0:0:0:0:0:0:1
2025-03-16 15:27:23.350 [INFO] [http-nio-9000-exec-10] [k.b.g.l.i.LoggingInterceptor] - 
 HTTP Method : GET 
 Request URI : /actuator/metrics/waves.user.count_1 
 AccessToken Exist : false 
 Request Body : 
 Request Time : 2025-03-16T15:27:23.341913
 Request IP : 0:0:0:0:0:0:0:1
2025-03-16 15:27:53.859 [INFO] [SpringApplicationShutdownHook] [o.s.o.j.LocalContainerEntityManagerFactoryBean] - Closing JPA EntityManagerFactory for persistence unit 'default'
2025-03-16 15:27:53.862 [INFO] [SpringApplicationShutdownHook] [com.zaxxer.hikari.HikariDataSource] - HikariPool-1 - Shutdown initiated...
2025-03-16 15:27:53.893 [INFO] [SpringApplicationShutdownHook] [com.zaxxer.hikari.HikariDataSource] - HikariPool-1 - Shutdown completed.
2025-03-16 15:27:56.397 [INFO] [background-preinit] [o.h.validator.internal.util.Version] - HV000001: Hibernate Validator 8.0.1.Final
2025-03-16 15:27:56.432 [INFO] [main] [ku_rum.backend.BackendApplication] - Starting BackendApplication using Java 17.0.14 with PID 33081 (/Users/hyerimac/Desktop/dev/kurum/backend/build/classes/java/main started by hyerimac in /Users/hyerimac/Desktop/dev/kurum/backend)
2025-03-16 15:27:56.434 [INFO] [main] [ku_rum.backend.BackendApplication] - The following 3 profiles are active: "local", "port-local", "oauth"
2025-03-16 15:27:57.142 [INFO] [main] [o.s.d.r.c.RepositoryConfigurationDelegate] - Multiple Spring Data modules found, entering strict repository configuration mode
2025-03-16 15:27:57.143 [INFO] [main] [o.s.d.r.c.RepositoryConfigurationDelegate] - Bootstrapping Spring Data JPA repositories in DEFAULT mode.
2025-03-16 15:27:57.276 [INFO] [main] [o.s.d.r.c.RepositoryConfigurationDelegate] - Finished Spring Data repository scanning in 122 ms. Found 11 JPA repository interfaces.
2025-03-16 15:27:57.287 [INFO] [main] [o.s.d.r.c.RepositoryConfigurationDelegate] - Multiple Spring Data modules found, entering strict repository configuration mode
2025-03-16 15:27:57.288 [INFO] [main] [o.s.d.r.c.RepositoryConfigurationDelegate] - Bootstrapping Spring Data Redis repositories in DEFAULT mode.
2025-03-16 15:27:57.302 [INFO] [main] [o.s.d.r.c.RepositoryConfigurationExtensionSupport] - Spring Data Redis - Could not safely identify store assignment for repository candidate interface ku_rum.backend.domain.bookmark.domain.repository.BookmarkRepository; If you want this repository to be a Redis repository, consider annotating your entities with one of these annotations: org.springframework.data.redis.core.RedisHash (preferred), or consider extending one of the following types with your repository: org.springframework.data.keyvalue.repository.KeyValueRepository
2025-03-16 15:27:57.302 [INFO] [main] [o.s.d.r.c.RepositoryConfigurationExtensionSupport] - Spring Data Redis - Could not safely identify store assignment for repository candidate interface ku_rum.backend.domain.building.domain.repository.BuildingRepository; If you want this repository to be a Redis repository, consider annotating your entities with one of these annotations: org.springframework.data.redis.core.RedisHash (preferred), or consider extending one of the following types with your repository: org.springframework.data.keyvalue.repository.KeyValueRepository
2025-03-16 15:27:57.302 [INFO] [main] [o.s.d.r.c.RepositoryConfigurationExtensionSupport] - Spring Data Redis - Could not safely identify store assignment for repository candidate interface ku_rum.backend.domain.category.domain.repository.BuildingCategoryRepository; If you want this repository to be a Redis repository, consider annotating your entities with one of these annotations: org.springframework.data.redis.core.RedisHash (preferred), or consider extending one of the following types with your repository: org.springframework.data.keyvalue.repository.KeyValueRepository
2025-03-16 15:27:57.302 [INFO] [main] [o.s.d.r.c.RepositoryConfigurationExtensionSupport] - Spring Data Redis - Could not safely identify store assignment for repository candidate interface ku_rum.backend.domain.category.domain.repository.CategoryRepository; If you want this repository to be a Redis repository, consider annotating your entities with one of these annotations: org.springframework.data.redis.core.RedisHash (preferred), or consider extending one of the following types with your repository: org.springframework.data.keyvalue.repository.KeyValueRepository
2025-03-16 15:27:57.303 [INFO] [main] [o.s.d.r.c.RepositoryConfigurationExtensionSupport] - Spring Data Redis - Could not safely identify store assignment for repository candidate interface ku_rum.backend.domain.department.domain.repository.DepartmentRepository; If you want this repository to be a Redis repository, consider annotating your entities with one of these annotations: org.springframework.data.redis.core.RedisHash (preferred), or consider extending one of the following types with your repository: org.springframework.data.keyvalue.repository.KeyValueRepository
2025-03-16 15:27:57.303 [INFO] [main] [o.s.d.r.c.RepositoryConfigurationExtensionSupport] - Spring Data Redis - Could not safely identify store assignment for repository candidate interface ku_rum.backend.domain.friend.domain.repository.FriendRepository; If you want this repository to be a Redis repository, consider annotating your entities with one of these annotations: org.springframework.data.redis.core.RedisHash (preferred), or consider extending one of the following types with your repository: org.springframework.data.keyvalue.repository.KeyValueRepository
2025-03-16 15:27:57.303 [INFO] [main] [o.s.d.r.c.RepositoryConfigurationExtensionSupport] - Spring Data Redis - Could not safely identify store assignment for repository candidate interface ku_rum.backend.domain.menu.domain.repository.MenuRepository; If you want this repository to be a Redis repository, consider annotating your entities with one of these annotations: org.springframework.data.redis.core.RedisHash (preferred), or consider extending one of the following types with your repository: org.springframework.data.keyvalue.repository.KeyValueRepository
2025-03-16 15:27:57.303 [INFO] [main] [o.s.d.r.c.RepositoryConfigurationExtensionSupport] - Spring Data Redis - Could not safely identify store assignment for repository candidate interface ku_rum.backend.domain.notice.domain.repository.NoticeRepository; If you want this repository to be a Redis repository, consider annotating your entities with one of these annotations: org.springframework.data.redis.core.RedisHash (preferred), or consider extending one of the following types with your repository: org.springframework.data.keyvalue.repository.KeyValueRepository
2025-03-16 15:27:57.303 [INFO] [main] [o.s.d.r.c.RepositoryConfigurationExtensionSupport] - Spring Data Redis - Could not safely identify store assignment for repository candidate interface ku_rum.backend.domain.recruitment.domain.repository.RecruitmentRepository; If you want this repository to be a Redis repository, consider annotating your entities with one of these annotations: org.springframework.data.redis.core.RedisHash (preferred), or consider extending one of the following types with your repository: org.springframework.data.keyvalue.repository.KeyValueRepository
2025-03-16 15:27:57.304 [INFO] [main] [o.s.d.r.c.RepositoryConfigurationExtensionSupport] - Spring Data Redis - Could not safely identify store assignment for repository candidate interface ku_rum.backend.domain.user.domain.repository.UserRepository; If you want this repository to be a Redis repository, consider annotating your entities with one of these annotations: org.springframework.data.redis.core.RedisHash (preferred), or consider extending one of the following types with your repository: org.springframework.data.keyvalue.repository.KeyValueRepository
2025-03-16 15:27:57.304 [INFO] [main] [o.s.d.r.c.RepositoryConfigurationExtensionSupport] - Spring Data Redis - Could not safely identify store assignment for repository candidate interface ku_rum.backend.global.log.domain.repository.ApiLogRepository; If you want this repository to be a Redis repository, consider annotating your entities with one of these annotations: org.springframework.data.redis.core.RedisHash (preferred), or consider extending one of the following types with your repository: org.springframework.data.keyvalue.repository.KeyValueRepository
2025-03-16 15:27:57.304 [INFO] [main] [o.s.d.r.c.RepositoryConfigurationDelegate] - Finished Spring Data repository scanning in 11 ms. Found 0 Redis repository interfaces.
2025-03-16 15:27:58.008 [INFO] [main] [o.s.b.w.e.tomcat.TomcatWebServer] - Tomcat initialized with port 9000 (http)
2025-03-16 15:27:58.015 [INFO] [main] [o.a.coyote.http11.Http11NioProtocol] - Initializing ProtocolHandler ["http-nio-9000"]
2025-03-16 15:27:58.017 [INFO] [main] [o.a.catalina.core.StandardService] - Starting service [Tomcat]
2025-03-16 15:27:58.017 [INFO] [main] [o.a.catalina.core.StandardEngine] - Starting Servlet engine: [Apache Tomcat/10.1.30]
2025-03-16 15:27:58.072 [INFO] [main] [o.a.c.c.C.[Tomcat].[localhost].[/]] - Initializing Spring embedded WebApplicationContext
2025-03-16 15:27:58.072 [INFO] [main] [o.s.b.w.s.c.ServletWebServerApplicationContext] - Root WebApplicationContext: initialization completed in 1600 ms
2025-03-16 15:27:58.547 [INFO] [main] [org.hibernate.Version] - HHH000412: Hibernate ORM core version 6.5.3.Final
2025-03-16 15:27:58.564 [INFO] [main] [o.h.c.i.RegionFactoryInitiator] - HHH000026: Second-level cache disabled
2025-03-16 15:27:58.748 [INFO] [main] [o.s.o.j.p.SpringPersistenceUnitInfo] - No LoadTimeWeaver setup: ignoring JPA class transformer
2025-03-16 15:27:58.776 [INFO] [main] [com.zaxxer.hikari.HikariDataSource] - HikariPool-1 - Starting...
2025-03-16 15:27:58.955 [INFO] [main] [com.zaxxer.hikari.pool.HikariPool] - HikariPool-1 - Added connection com.mysql.cj.jdbc.ConnectionImpl@5ce1ec7
2025-03-16 15:27:58.955 [INFO] [main] [com.zaxxer.hikari.HikariDataSource] - HikariPool-1 - Start completed.
2025-03-16 15:27:59.694 [INFO] [main] [o.h.e.t.j.p.i.JtaPlatformInitiator] - HHH000489: No JTA platform available (set 'hibernate.transaction.jta.platform' to enable JTA platform integration)
2025-03-16 15:28:00.192 [INFO] [main] [o.s.o.j.LocalContainerEntityManagerFactoryBean] - Initialized JPA EntityManagerFactory for persistence unit 'default'
2025-03-16 15:28:00.486 [INFO] [main] [o.s.d.j.r.query.QueryEnhancerFactory] - Hibernate is in classpath; If applicable, HQL parser will be used.
2025-03-16 15:28:01.482 [INFO] [main] [o.s.s.c.a.a.c.InitializeUserDetailsBeanManagerConfigurer$InitializeUserDetailsManagerConfigurer] - Global AuthenticationManager configured with UserDetailsService bean with name userDetailsService
2025-03-16 15:28:01.818 [INFO] [main] [o.s.b.a.e.web.EndpointLinksResolver] - Exposing 1 endpoint beneath base path '/actuator'
2025-03-16 15:28:02.468 [INFO] [main] [o.a.coyote.http11.Http11NioProtocol] - Starting ProtocolHandler ["http-nio-9000"]
2025-03-16 15:28:02.476 [INFO] [main] [o.s.b.w.e.tomcat.TomcatWebServer] - Tomcat started on port 9000 (http) with context path '/'
2025-03-16 15:28:02.495 [INFO] [main] [ku_rum.backend.BackendApplication] - Started BackendApplication in 6.296 seconds (process running for 6.717)
2025-03-16 15:28:02.829 [INFO] [main] [k.b.g.d.FulltextIndexInitializer] - ✅ FULLTEXT INDEX 추가됨: 테이블=building, 인덱스=name_fulltext_index
2025-03-16 15:28:02.884 [INFO] [main] [k.b.g.d.FulltextIndexInitializer] - ✅ FULLTEXT INDEX 추가됨: 테이블=category, 인덱스=name_fulltext_index
2025-03-16 15:28:03.013 [INFO] [RMI TCP Connection(3)-127.0.0.1] [o.a.c.c.C.[Tomcat].[localhost].[/]] - Initializing Spring DispatcherServlet 'dispatcherServlet'
2025-03-16 15:28:03.013 [INFO] [RMI TCP Connection(3)-127.0.0.1] [o.s.web.servlet.DispatcherServlet] - Initializing Servlet 'dispatcherServlet'
2025-03-16 15:28:03.015 [INFO] [RMI TCP Connection(3)-127.0.0.1] [o.s.web.servlet.DispatcherServlet] - Completed initialization in 1 ms
2025-03-16 15:28:05.637 [INFO] [Async MailExecutor-1] [k.b.d.n.application.NoticeService] - 크롤링 시작: https://www.konkuk.ac.kr/konkuk/2238/subview.do
2025-03-16 15:28:05.714 [INFO] [Async MailExecutor-1] [k.b.d.n.application.NoticeService] - 2024년 공지가 아님: [일반 및 장애학생] 2025학년도 1학기 기초교양 교과목 이수의무 면제 프로그램 신청 안내
2025-03-16 15:28:07.264 [INFO] [Async MailExecutor-1] [k.b.d.n.application.NoticeService] - 크롤링 시작: https://www.konkuk.ac.kr/konkuk/2239/subview.do
2025-03-16 15:28:07.310 [INFO] [Async MailExecutor-1] [k.b.d.n.application.NoticeService] - 2024년 공지가 아님: [기간변경][대청교]2025년도 대학생 청소년교육지원 장학사업 멘토 모집 안내(~3/23(일))
2025-03-16 15:28:08.508 [INFO] [Async MailExecutor-1] [k.b.d.n.application.NoticeService] - 크롤링 시작: https://www.konkuk.ac.kr/konkuk/2240/subview.do
2025-03-16 15:28:08.727 [INFO] [Async MailExecutor-1] [k.b.d.n.application.NoticeService] - 2024년 공지가 아님: [대학일자리+] ★3월 채용설명회, 상담회 안내 (★3월 셋째/넷째주! 한화에어로스페이스, 월드퀀트, 한화생명금융서비스, 신한은행, 법원행정처 등/ 경품 제공)
2025-03-16 15:28:10.498 [INFO] [Async MailExecutor-1] [k.b.d.n.application.NoticeService] - 크롤링 시작: https://www.konkuk.ac.kr/konkuk/2241/subview.do
2025-03-16 15:28:10.584 [INFO] [Async MailExecutor-1] [k.b.d.n.application.NoticeService] - 2024년 공지가 아님: 2025학년도 1학기 해외명사특강 신청 안내(~3.13.(목))
2025-03-16 15:28:11.918 [INFO] [Async MailExecutor-1] [k.b.d.n.application.NoticeService] - 크롤링 시작: https://www.konkuk.ac.kr/konkuk/2242/subview.do
2025-03-16 15:28:11.966 [INFO] [Async MailExecutor-1] [k.b.d.n.application.NoticeService] - 2024년 공지가 아님: 포천시 특별재난지역선포에 따른 예비군훈련 면제 안내
2025-03-16 15:28:13.292 [INFO] [Async MailExecutor-1] [k.b.d.n.application.NoticeService] - 크롤링 시작: https://www.konkuk.ac.kr/konkuk/2244/subview.do
2025-03-16 15:28:13.339 [INFO] [Async MailExecutor-1] [k.b.d.n.application.NoticeService] - 2024년 공지가 아님: 무료 법률상담 프로그램 이용 안내
2025-03-16 15:28:14.569 [INFO] [Async MailExecutor-1] [k.b.d.n.application.NoticeService] - 크롤링 시작: https://www.konkuk.ac.kr/konkuk/19329/subview.do
2025-03-16 15:28:14.614 [INFO] [Async MailExecutor-1] [k.b.d.n.application.NoticeService] - 2024년 공지가 아님: 2025년도 인문사회분야 석사/박사과정생연구장려금 지원사업 신청 안내
2025-03-16 15:28:15.917 [INFO] [Async MailExecutor-1] [k.b.d.n.application.NoticeService] - 크롤링 시작: https://www.konkuk.ac.kr/konkuk/19564/subview.do
2025-03-16 15:28:15.965 [INFO] [Async MailExecutor-1] [k.b.d.n.application.NoticeService] - 2024년 공지가 아님: 언어교육원 행정조교(오후근무) 모집
2025-03-16 15:28:26.734 [INFO] [http-nio-9000-exec-1] [k.b.g.l.i.LoggingInterceptor] - 
 HTTP Method : GET 
 Request URI : /actuator/metrics/waves.user.count_1 
 AccessToken Exist : false 
 Request Body : 
 Request Time : 2025-03-16T15:28:26.718847
 Request IP : 0:0:0:0:0:0:0:1
2025-03-16 15:38:06.166 [INFO] [Async MailExecutor-2] [k.b.d.n.application.NoticeService] - 크롤링 시작: https://www.konkuk.ac.kr/konkuk/2238/subview.do
2025-03-16 15:38:06.228 [INFO] [Async MailExecutor-2] [k.b.d.n.application.NoticeService] - 2024년 공지가 아님: [일반 및 장애학생] 2025학년도 1학기 기초교양 교과목 이수의무 면제 프로그램 신청 안내
2025-03-16 15:38:08.854 [INFO] [Async MailExecutor-2] [k.b.d.n.application.NoticeService] - 크롤링 시작: https://www.konkuk.ac.kr/konkuk/2239/subview.do
2025-03-16 15:38:08.899 [INFO] [Async MailExecutor-2] [k.b.d.n.application.NoticeService] - 2024년 공지가 아님: [기간변경][대청교]2025년도 대학생 청소년교육지원 장학사업 멘토 모집 안내(~3/23(일))
2025-03-16 15:38:10.106 [INFO] [Async MailExecutor-2] [k.b.d.n.application.NoticeService] - 크롤링 시작: https://www.konkuk.ac.kr/konkuk/2240/subview.do
2025-03-16 15:38:10.311 [INFO] [Async MailExecutor-2] [k.b.d.n.application.NoticeService] - 2024년 공지가 아님: [대학일자리+] ★3월 채용설명회, 상담회 안내 (★3월 셋째/넷째주! 한화에어로스페이스, 월드퀀트, 한화생명금융서비스, 신한은행, 법원행정처 등/ 경품 제공)
2025-03-16 15:38:13.007 [INFO] [Async MailExecutor-2] [k.b.d.n.application.NoticeService] - 크롤링 시작: https://www.konkuk.ac.kr/konkuk/2241/subview.do
2025-03-16 15:38:13.055 [INFO] [Async MailExecutor-2] [k.b.d.n.application.NoticeService] - 2024년 공지가 아님: 2025학년도 1학기 해외명사특강 신청 안내(~3.13.(목))
2025-03-16 15:38:15.009 [INFO] [Async MailExecutor-2] [k.b.d.n.application.NoticeService] - 크롤링 시작: https://www.konkuk.ac.kr/konkuk/2242/subview.do
2025-03-16 15:38:15.053 [INFO] [Async MailExecutor-2] [k.b.d.n.application.NoticeService] - 2024년 공지가 아님: 포천시 특별재난지역선포에 따른 예비군훈련 면제 안내
2025-03-16 15:38:16.407 [INFO] [Async MailExecutor-2] [k.b.d.n.application.NoticeService] - 크롤링 시작: https://www.konkuk.ac.kr/konkuk/2244/subview.do
2025-03-16 15:38:16.447 [INFO] [Async MailExecutor-2] [k.b.d.n.application.NoticeService] - 2024년 공지가 아님: 무료 법률상담 프로그램 이용 안내
2025-03-16 15:38:19.598 [INFO] [Async MailExecutor-2] [k.b.d.n.application.NoticeService] - 크롤링 시작: https://www.konkuk.ac.kr/konkuk/19329/subview.do
2025-03-16 15:38:19.628 [INFO] [Async MailExecutor-2] [k.b.d.n.application.NoticeService] - 2024년 공지가 아님: 2025년도 인문사회분야 석사/박사과정생연구장려금 지원사업 신청 안내
2025-03-16 15:38:21.763 [INFO] [Async MailExecutor-2] [k.b.d.n.application.NoticeService] - 크롤링 시작: https://www.konkuk.ac.kr/konkuk/19564/subview.do
2025-03-16 15:38:21.812 [INFO] [Async MailExecutor-2] [k.b.d.n.application.NoticeService] - 2024년 공지가 아님: 언어교육원 행정조교(오후근무) 모집
2025-03-16 15:42:27.621 [INFO] [http-nio-9000-exec-4] [k.b.g.l.i.LoggingInterceptor] - 
 HTTP Method : GET 
 Request URI : /actuator/metrics 
 AccessToken Exist : false 
 Request Body : 
 Request Time : 2025-03-16T15:42:27.601244
 Request IP : 0:0:0:0:0:0:0:1
2025-03-16 15:42:39.867 [INFO] [http-nio-9000-exec-3] [k.b.g.l.i.LoggingInterceptor] - 
 HTTP Method : GET 
 Request URI : /actuator/metrics 
 AccessToken Exist : false 
 Request Body : 
 Request Time : 2025-03-16T15:42:39.838210
 Request IP : 0:0:0:0:0:0:0:1
2025-03-16 15:47:56.537 [INFO] [SpringApplicationShutdownHook] [o.s.o.j.LocalContainerEntityManagerFactoryBean] - Closing JPA EntityManagerFactory for persistence unit 'default'
2025-03-16 15:47:56.541 [INFO] [SpringApplicationShutdownHook] [com.zaxxer.hikari.HikariDataSource] - HikariPool-1 - Shutdown initiated...
2025-03-16 15:47:56.558 [INFO] [SpringApplicationShutdownHook] [com.zaxxer.hikari.HikariDataSource] - HikariPool-1 - Shutdown completed.
2025-03-16 15:48:01.774 [INFO] [background-preinit] [o.h.validator.internal.util.Version] - HV000001: Hibernate Validator 8.0.1.Final
2025-03-16 15:48:01.832 [INFO] [main] [ku_rum.backend.BackendApplication] - Starting BackendApplication using Java 17.0.14 with PID 45573 (/Users/hyerimac/Desktop/dev/kurum/backend/build/classes/java/main started by hyerimac in /Users/hyerimac/Desktop/dev/kurum/backend)
2025-03-16 15:48:01.833 [INFO] [main] [ku_rum.backend.BackendApplication] - The following 3 profiles are active: "local", "port-local", "oauth"
2025-03-16 15:48:02.926 [INFO] [main] [o.s.d.r.c.RepositoryConfigurationDelegate] - Multiple Spring Data modules found, entering strict repository configuration mode
2025-03-16 15:48:02.927 [INFO] [main] [o.s.d.r.c.RepositoryConfigurationDelegate] - Bootstrapping Spring Data JPA repositories in DEFAULT mode.
2025-03-16 15:48:03.052 [INFO] [main] [o.s.d.r.c.RepositoryConfigurationDelegate] - Finished Spring Data repository scanning in 114 ms. Found 11 JPA repository interfaces.
2025-03-16 15:48:03.061 [INFO] [main] [o.s.d.r.c.RepositoryConfigurationDelegate] - Multiple Spring Data modules found, entering strict repository configuration mode
2025-03-16 15:48:03.062 [INFO] [main] [o.s.d.r.c.RepositoryConfigurationDelegate] - Bootstrapping Spring Data Redis repositories in DEFAULT mode.
2025-03-16 15:48:03.075 [INFO] [main] [o.s.d.r.c.RepositoryConfigurationExtensionSupport] - Spring Data Redis - Could not safely identify store assignment for repository candidate interface ku_rum.backend.domain.bookmark.domain.repository.BookmarkRepository; If you want this repository to be a Redis repository, consider annotating your entities with one of these annotations: org.springframework.data.redis.core.RedisHash (preferred), or consider extending one of the following types with your repository: org.springframework.data.keyvalue.repository.KeyValueRepository
2025-03-16 15:48:03.076 [INFO] [main] [o.s.d.r.c.RepositoryConfigurationExtensionSupport] - Spring Data Redis - Could not safely identify store assignment for repository candidate interface ku_rum.backend.domain.building.domain.repository.BuildingRepository; If you want this repository to be a Redis repository, consider annotating your entities with one of these annotations: org.springframework.data.redis.core.RedisHash (preferred), or consider extending one of the following types with your repository: org.springframework.data.keyvalue.repository.KeyValueRepository
2025-03-16 15:48:03.076 [INFO] [main] [o.s.d.r.c.RepositoryConfigurationExtensionSupport] - Spring Data Redis - Could not safely identify store assignment for repository candidate interface ku_rum.backend.domain.category.domain.repository.BuildingCategoryRepository; If you want this repository to be a Redis repository, consider annotating your entities with one of these annotations: org.springframework.data.redis.core.RedisHash (preferred), or consider extending one of the following types with your repository: org.springframework.data.keyvalue.repository.KeyValueRepository
2025-03-16 15:48:03.076 [INFO] [main] [o.s.d.r.c.RepositoryConfigurationExtensionSupport] - Spring Data Redis - Could not safely identify store assignment for repository candidate interface ku_rum.backend.domain.category.domain.repository.CategoryRepository; If you want this repository to be a Redis repository, consider annotating your entities with one of these annotations: org.springframework.data.redis.core.RedisHash (preferred), or consider extending one of the following types with your repository: org.springframework.data.keyvalue.repository.KeyValueRepository
2025-03-16 15:48:03.076 [INFO] [main] [o.s.d.r.c.RepositoryConfigurationExtensionSupport] - Spring Data Redis - Could not safely identify store assignment for repository candidate interface ku_rum.backend.domain.department.domain.repository.DepartmentRepository; If you want this repository to be a Redis repository, consider annotating your entities with one of these annotations: org.springframework.data.redis.core.RedisHash (preferred), or consider extending one of the following types with your repository: org.springframework.data.keyvalue.repository.KeyValueRepository
2025-03-16 15:48:03.076 [INFO] [main] [o.s.d.r.c.RepositoryConfigurationExtensionSupport] - Spring Data Redis - Could not safely identify store assignment for repository candidate interface ku_rum.backend.domain.friend.domain.repository.FriendRepository; If you want this repository to be a Redis repository, consider annotating your entities with one of these annotations: org.springframework.data.redis.core.RedisHash (preferred), or consider extending one of the following types with your repository: org.springframework.data.keyvalue.repository.KeyValueRepository
2025-03-16 15:48:03.077 [INFO] [main] [o.s.d.r.c.RepositoryConfigurationExtensionSupport] - Spring Data Redis - Could not safely identify store assignment for repository candidate interface ku_rum.backend.domain.menu.domain.repository.MenuRepository; If you want this repository to be a Redis repository, consider annotating your entities with one of these annotations: org.springframework.data.redis.core.RedisHash (preferred), or consider extending one of the following types with your repository: org.springframework.data.keyvalue.repository.KeyValueRepository
2025-03-16 15:48:03.077 [INFO] [main] [o.s.d.r.c.RepositoryConfigurationExtensionSupport] - Spring Data Redis - Could not safely identify store assignment for repository candidate interface ku_rum.backend.domain.notice.domain.repository.NoticeRepository; If you want this repository to be a Redis repository, consider annotating your entities with one of these annotations: org.springframework.data.redis.core.RedisHash (preferred), or consider extending one of the following types with your repository: org.springframework.data.keyvalue.repository.KeyValueRepository
2025-03-16 15:48:03.077 [INFO] [main] [o.s.d.r.c.RepositoryConfigurationExtensionSupport] - Spring Data Redis - Could not safely identify store assignment for repository candidate interface ku_rum.backend.domain.recruitment.domain.repository.RecruitmentRepository; If you want this repository to be a Redis repository, consider annotating your entities with one of these annotations: org.springframework.data.redis.core.RedisHash (preferred), or consider extending one of the following types with your repository: org.springframework.data.keyvalue.repository.KeyValueRepository
2025-03-16 15:48:03.078 [INFO] [main] [o.s.d.r.c.RepositoryConfigurationExtensionSupport] - Spring Data Redis - Could not safely identify store assignment for repository candidate interface ku_rum.backend.domain.user.domain.repository.UserRepository; If you want this repository to be a Redis repository, consider annotating your entities with one of these annotations: org.springframework.data.redis.core.RedisHash (preferred), or consider extending one of the following types with your repository: org.springframework.data.keyvalue.repository.KeyValueRepository
2025-03-16 15:48:03.078 [INFO] [main] [o.s.d.r.c.RepositoryConfigurationExtensionSupport] - Spring Data Redis - Could not safely identify store assignment for repository candidate interface ku_rum.backend.global.log.domain.repository.ApiLogRepository; If you want this repository to be a Redis repository, consider annotating your entities with one of these annotations: org.springframework.data.redis.core.RedisHash (preferred), or consider extending one of the following types with your repository: org.springframework.data.keyvalue.repository.KeyValueRepository
2025-03-16 15:48:03.078 [INFO] [main] [o.s.d.r.c.RepositoryConfigurationDelegate] - Finished Spring Data repository scanning in 11 ms. Found 0 Redis repository interfaces.
2025-03-16 15:48:03.796 [INFO] [main] [o.s.b.w.e.tomcat.TomcatWebServer] - Tomcat initialized with port 9000 (http)
2025-03-16 15:48:03.802 [INFO] [main] [o.a.coyote.http11.Http11NioProtocol] - Initializing ProtocolHandler ["http-nio-9000"]
2025-03-16 15:48:03.805 [INFO] [main] [o.a.catalina.core.StandardService] - Starting service [Tomcat]
2025-03-16 15:48:03.805 [INFO] [main] [o.a.catalina.core.StandardEngine] - Starting Servlet engine: [Apache Tomcat/10.1.30]
2025-03-16 15:48:03.846 [INFO] [main] [o.a.c.c.C.[Tomcat].[localhost].[/]] - Initializing Spring embedded WebApplicationContext
2025-03-16 15:48:03.846 [INFO] [main] [o.s.b.w.s.c.ServletWebServerApplicationContext] - Root WebApplicationContext: initialization completed in 1965 ms
2025-03-16 15:48:04.360 [INFO] [main] [org.hibernate.Version] - HHH000412: Hibernate ORM core version 6.5.3.Final
2025-03-16 15:48:04.378 [INFO] [main] [o.h.c.i.RegionFactoryInitiator] - HHH000026: Second-level cache disabled
2025-03-16 15:48:04.556 [INFO] [main] [o.s.o.j.p.SpringPersistenceUnitInfo] - No LoadTimeWeaver setup: ignoring JPA class transformer
2025-03-16 15:48:04.576 [INFO] [main] [com.zaxxer.hikari.HikariDataSource] - HikariPool-1 - Starting...
2025-03-16 15:48:04.763 [INFO] [main] [com.zaxxer.hikari.pool.HikariPool] - HikariPool-1 - Added connection com.mysql.cj.jdbc.ConnectionImpl@1b1d93e9
2025-03-16 15:48:04.764 [INFO] [main] [com.zaxxer.hikari.HikariDataSource] - HikariPool-1 - Start completed.
2025-03-16 15:48:05.510 [INFO] [main] [o.h.e.t.j.p.i.JtaPlatformInitiator] - HHH000489: No JTA platform available (set 'hibernate.transaction.jta.platform' to enable JTA platform integration)
2025-03-16 15:48:06.046 [INFO] [main] [o.s.o.j.LocalContainerEntityManagerFactoryBean] - Initialized JPA EntityManagerFactory for persistence unit 'default'
2025-03-16 15:48:06.372 [INFO] [main] [o.s.d.j.r.query.QueryEnhancerFactory] - Hibernate is in classpath; If applicable, HQL parser will be used.
2025-03-16 15:48:07.275 [INFO] [main] [o.s.s.c.a.a.c.InitializeUserDetailsBeanManagerConfigurer$InitializeUserDetailsManagerConfigurer] - Global AuthenticationManager configured with UserDetailsService bean with name userDetailsService
2025-03-16 15:48:07.601 [INFO] [main] [o.s.b.a.e.web.EndpointLinksResolver] - Exposing 1 endpoint beneath base path '/actuator'
2025-03-16 15:48:08.321 [INFO] [main] [o.a.coyote.http11.Http11NioProtocol] - Starting ProtocolHandler ["http-nio-9000"]
2025-03-16 15:48:08.329 [INFO] [main] [o.s.b.w.e.tomcat.TomcatWebServer] - Tomcat started on port 9000 (http) with context path '/'
2025-03-16 15:48:08.348 [INFO] [main] [ku_rum.backend.BackendApplication] - Started BackendApplication in 7.021 seconds (process running for 8.496)
2025-03-16 15:48:08.694 [INFO] [main] [k.b.g.d.FulltextIndexInitializer] - ✅ FULLTEXT INDEX 추가됨: 테이블=building, 인덱스=name_fulltext_index
2025-03-16 15:48:08.752 [INFO] [main] [k.b.g.d.FulltextIndexInitializer] - ✅ FULLTEXT INDEX 추가됨: 테이블=category, 인덱스=name_fulltext_index
2025-03-16 15:48:08.908 [INFO] [RMI TCP Connection(1)-127.0.0.1] [o.a.c.c.C.[Tomcat].[localhost].[/]] - Initializing Spring DispatcherServlet 'dispatcherServlet'
2025-03-16 15:48:08.909 [INFO] [RMI TCP Connection(1)-127.0.0.1] [o.s.web.servlet.DispatcherServlet] - Initializing Servlet 'dispatcherServlet'
2025-03-16 15:48:08.918 [INFO] [RMI TCP Connection(1)-127.0.0.1] [o.s.web.servlet.DispatcherServlet] - Completed initialization in 9 ms
2025-03-16 15:48:12.204 [INFO] [Async MailExecutor-1] [k.b.d.n.application.NoticeService] - 크롤링 시작: https://www.konkuk.ac.kr/konkuk/2238/subview.do
2025-03-16 15:48:12.277 [INFO] [Async MailExecutor-1] [k.b.d.n.application.NoticeService] - 2024년 공지가 아님: [일반 및 장애학생] 2025학년도 1학기 기초교양 교과목 이수의무 면제 프로그램 신청 안내
2025-03-16 15:48:15.089 [INFO] [Async MailExecutor-1] [k.b.d.n.application.NoticeService] - 크롤링 시작: https://www.konkuk.ac.kr/konkuk/2239/subview.do
2025-03-16 15:48:15.136 [INFO] [Async MailExecutor-1] [k.b.d.n.application.NoticeService] - 2024년 공지가 아님: [기간변경][대청교]2025년도 대학생 청소년교육지원 장학사업 멘토 모집 안내(~3/23(일))
2025-03-16 15:48:17.147 [INFO] [Async MailExecutor-1] [k.b.d.n.application.NoticeService] - 크롤링 시작: https://www.konkuk.ac.kr/konkuk/2240/subview.do
2025-03-16 15:48:17.297 [INFO] [Async MailExecutor-1] [k.b.d.n.application.NoticeService] - 2024년 공지가 아님: [대학일자리+] ★3월 채용설명회, 상담회 안내 (★3월 셋째/넷째주! 한화에어로스페이스, 월드퀀트, 한화생명금융서비스, 신한은행, 법원행정처 등/ 경품 제공)
2025-03-16 15:48:18.682 [INFO] [Async MailExecutor-1] [k.b.d.n.application.NoticeService] - 크롤링 시작: https://www.konkuk.ac.kr/konkuk/2241/subview.do
2025-03-16 15:48:18.730 [INFO] [Async MailExecutor-1] [k.b.d.n.application.NoticeService] - 2024년 공지가 아님: 2025학년도 1학기 해외명사특강 신청 안내(~3.13.(목))
2025-03-16 15:48:20.380 [INFO] [Async MailExecutor-1] [k.b.d.n.application.NoticeService] - 크롤링 시작: https://www.konkuk.ac.kr/konkuk/2242/subview.do
2025-03-16 15:48:20.418 [INFO] [Async MailExecutor-1] [k.b.d.n.application.NoticeService] - 2024년 공지가 아님: 포천시 특별재난지역선포에 따른 예비군훈련 면제 안내
2025-03-16 15:48:21.564 [INFO] [Async MailExecutor-1] [k.b.d.n.application.NoticeService] - 크롤링 시작: https://www.konkuk.ac.kr/konkuk/2244/subview.do
2025-03-16 15:48:21.740 [INFO] [Async MailExecutor-1] [k.b.d.n.application.NoticeService] - 2024년 공지가 아님: 무료 법률상담 프로그램 이용 안내
2025-03-16 15:48:23.483 [INFO] [Async MailExecutor-1] [k.b.d.n.application.NoticeService] - 크롤링 시작: https://www.konkuk.ac.kr/konkuk/19329/subview.do
2025-03-16 15:48:23.527 [INFO] [Async MailExecutor-1] [k.b.d.n.application.NoticeService] - 2024년 공지가 아님: 2025년도 인문사회분야 석사/박사과정생연구장려금 지원사업 신청 안내
2025-03-16 15:48:24.841 [INFO] [Async MailExecutor-1] [k.b.d.n.application.NoticeService] - 크롤링 시작: https://www.konkuk.ac.kr/konkuk/19564/subview.do
2025-03-16 15:48:24.883 [INFO] [Async MailExecutor-1] [k.b.d.n.application.NoticeService] - 2024년 공지가 아님: 언어교육원 행정조교(오후근무) 모집
2025-03-16 15:48:33.522 [INFO] [http-nio-9000-exec-2] [o.a.coyote.http11.Http11Processor] - Error parsing HTTP request header
 Note: further occurrences of HTTP request parsing errors will be logged at DEBUG level.
java.lang.IllegalArgumentException: Invalid character found in method name [0x160x030x010x000xf70x010x000x000xf30x030x030xfd0x910x1c0xeb0x9a0xec0xadJ0xee0xb20x1e0xee0xa70xd8R0xf60xcf0x80;0xd90xd70xf0yTv ]. HTTP method names must be tokens
	at org.apache.coyote.http11.Http11InputBuffer.parseRequestLine(Http11InputBuffer.java:407)
	at org.apache.coyote.http11.Http11Processor.service(Http11Processor.java:257)
	at org.apache.coyote.AbstractProcessorLight.process(AbstractProcessorLight.java:63)
	at org.apache.coyote.AbstractProtocol$ConnectionHandler.process(AbstractProtocol.java:905)
	at org.apache.tomcat.util.net.NioEndpoint$SocketProcessor.doRun(NioEndpoint.java:1741)
	at org.apache.tomcat.util.net.SocketProcessorBase.run(SocketProcessorBase.java:52)
	at org.apache.tomcat.util.threads.ThreadPoolExecutor.runWorker(ThreadPoolExecutor.java:1190)
	at org.apache.tomcat.util.threads.ThreadPoolExecutor$Worker.run(ThreadPoolExecutor.java:659)
	at org.apache.tomcat.util.threads.TaskThread$WrappingRunnable.run(TaskThread.java:63)
	at java.base/java.lang.Thread.run(Thread.java:840)
2025-03-16 15:53:21.841 [INFO] [http-nio-9000-exec-7] [k.b.g.l.i.LoggingInterceptor] - 
 HTTP Method : GET 
 Request URI : /actuator/metrics 
 AccessToken Exist : false 
 Request Body : 
 Request Time : 2025-03-16T15:53:21.821233
 Request IP : 0:0:0:0:0:0:0:1
2025-03-16 15:53:37.579 [INFO] [http-nio-9000-exec-10] [k.b.g.l.i.LoggingInterceptor] - 
 HTTP Method : GET 
 Request URI : /actuator/metrics/waves.user.count_1 
 AccessToken Exist : false 
 Request Body : 
 Request Time : 2025-03-16T15:53:37.569649
 Request IP : 0:0:0:0:0:0:0:1
2025-03-16 15:58:11.049 [INFO] [Async MailExecutor-2] [k.b.d.n.application.NoticeService] - 크롤링 시작: https://www.konkuk.ac.kr/konkuk/2238/subview.do
2025-03-16 15:58:11.104 [INFO] [Async MailExecutor-2] [k.b.d.n.application.NoticeService] - 2024년 공지가 아님: [일반 및 장애학생] 2025학년도 1학기 기초교양 교과목 이수의무 면제 프로그램 신청 안내
2025-03-16 15:58:13.428 [INFO] [Async MailExecutor-2] [k.b.d.n.application.NoticeService] - 크롤링 시작: https://www.konkuk.ac.kr/konkuk/2239/subview.do
2025-03-16 15:58:13.489 [INFO] [Async MailExecutor-2] [k.b.d.n.application.NoticeService] - 2024년 공지가 아님: [기간변경][대청교]2025년도 대학생 청소년교육지원 장학사업 멘토 모집 안내(~3/23(일))
2025-03-16 15:58:15.967 [INFO] [Async MailExecutor-2] [k.b.d.n.application.NoticeService] - 크롤링 시작: https://www.konkuk.ac.kr/konkuk/2240/subview.do
2025-03-16 15:58:16.016 [INFO] [Async MailExecutor-2] [k.b.d.n.application.NoticeService] - 2024년 공지가 아님: [대학일자리+] ★3월 채용설명회, 상담회 안내 (★3월 셋째/넷째주! 한화에어로스페이스, 월드퀀트, 한화생명금융서비스, 신한은행, 법원행정처 등/ 경품 제공)
2025-03-16 15:58:18.030 [INFO] [Async MailExecutor-2] [k.b.d.n.application.NoticeService] - 크롤링 시작: https://www.konkuk.ac.kr/konkuk/2241/subview.do
2025-03-16 15:58:18.073 [INFO] [Async MailExecutor-2] [k.b.d.n.application.NoticeService] - 2024년 공지가 아님: 2025학년도 1학기 해외명사특강 신청 안내(~3.13.(목))
2025-03-16 15:58:21.365 [INFO] [Async MailExecutor-2] [k.b.d.n.application.NoticeService] - 크롤링 시작: https://www.konkuk.ac.kr/konkuk/2242/subview.do
2025-03-16 15:58:21.410 [INFO] [Async MailExecutor-2] [k.b.d.n.application.NoticeService] - 2024년 공지가 아님: 포천시 특별재난지역선포에 따른 예비군훈련 면제 안내
2025-03-16 15:58:23.717 [INFO] [Async MailExecutor-2] [k.b.d.n.application.NoticeService] - 크롤링 시작: https://www.konkuk.ac.kr/konkuk/2244/subview.do
2025-03-16 15:58:23.757 [INFO] [Async MailExecutor-2] [k.b.d.n.application.NoticeService] - 2024년 공지가 아님: 무료 법률상담 프로그램 이용 안내
2025-03-16 15:58:25.076 [INFO] [Async MailExecutor-2] [k.b.d.n.application.NoticeService] - 크롤링 시작: https://www.konkuk.ac.kr/konkuk/19329/subview.do
2025-03-16 15:58:25.109 [INFO] [Async MailExecutor-2] [k.b.d.n.application.NoticeService] - 2024년 공지가 아님: 2025년도 인문사회분야 석사/박사과정생연구장려금 지원사업 신청 안내
2025-03-16 15:58:26.733 [INFO] [Async MailExecutor-2] [k.b.d.n.application.NoticeService] - 크롤링 시작: https://www.konkuk.ac.kr/konkuk/19564/subview.do
2025-03-16 15:58:26.789 [INFO] [Async MailExecutor-2] [k.b.d.n.application.NoticeService] - 2024년 공지가 아님: 언어교육원 행정조교(오후근무) 모집
2025-03-16 16:08:11.776 [INFO] [Async MailExecutor-1] [k.b.d.n.application.NoticeService] - 크롤링 시작: https://www.konkuk.ac.kr/konkuk/2238/subview.do
2025-03-16 16:08:11.830 [INFO] [Async MailExecutor-1] [k.b.d.n.application.NoticeService] - 2024년 공지가 아님: [일반 및 장애학생] 2025학년도 1학기 기초교양 교과목 이수의무 면제 프로그램 신청 안내
2025-03-16 16:08:13.963 [INFO] [Async MailExecutor-1] [k.b.d.n.application.NoticeService] - 크롤링 시작: https://www.konkuk.ac.kr/konkuk/2239/subview.do
2025-03-16 16:08:14.010 [INFO] [Async MailExecutor-1] [k.b.d.n.application.NoticeService] - 2024년 공지가 아님: [기간변경][대청교]2025년도 대학생 청소년교육지원 장학사업 멘토 모집 안내(~3/23(일))
2025-03-16 16:08:15.732 [INFO] [Async MailExecutor-1] [k.b.d.n.application.NoticeService] - 크롤링 시작: https://www.konkuk.ac.kr/konkuk/2240/subview.do
2025-03-16 16:08:15.773 [INFO] [Async MailExecutor-1] [k.b.d.n.application.NoticeService] - 2024년 공지가 아님: [대학일자리+] ★3월 채용설명회, 상담회 안내 (★3월 셋째/넷째주! 한화에어로스페이스, 월드퀀트, 한화생명금융서비스, 신한은행, 법원행정처 등/ 경품 제공)
2025-03-16 16:08:17.956 [INFO] [Async MailExecutor-1] [k.b.d.n.application.NoticeService] - 크롤링 시작: https://www.konkuk.ac.kr/konkuk/2241/subview.do
2025-03-16 16:08:18.159 [INFO] [Async MailExecutor-1] [k.b.d.n.application.NoticeService] - 2024년 공지가 아님: 2025학년도 1학기 해외명사특강 신청 안내(~3.13.(목))
2025-03-16 16:08:21.290 [INFO] [Async MailExecutor-1] [k.b.d.n.application.NoticeService] - 크롤링 시작: https://www.konkuk.ac.kr/konkuk/2242/subview.do
2025-03-16 16:08:21.336 [INFO] [Async MailExecutor-1] [k.b.d.n.application.NoticeService] - 2024년 공지가 아님: 포천시 특별재난지역선포에 따른 예비군훈련 면제 안내
2025-03-16 16:08:24.127 [INFO] [Async MailExecutor-1] [k.b.d.n.application.NoticeService] - 크롤링 시작: https://www.konkuk.ac.kr/konkuk/2244/subview.do
2025-03-16 16:08:24.298 [INFO] [Async MailExecutor-1] [k.b.d.n.application.NoticeService] - 2024년 공지가 아님: 무료 법률상담 프로그램 이용 안내
2025-03-16 16:08:27.016 [INFO] [Async MailExecutor-1] [k.b.d.n.application.NoticeService] - 크롤링 시작: https://www.konkuk.ac.kr/konkuk/19329/subview.do
2025-03-16 16:08:27.052 [INFO] [Async MailExecutor-1] [k.b.d.n.application.NoticeService] - 2024년 공지가 아님: 2025년도 인문사회분야 석사/박사과정생연구장려금 지원사업 신청 안내
2025-03-16 16:08:29.751 [INFO] [Async MailExecutor-1] [k.b.d.n.application.NoticeService] - 크롤링 시작: https://www.konkuk.ac.kr/konkuk/19564/subview.do
2025-03-16 16:08:29.789 [INFO] [Async MailExecutor-1] [k.b.d.n.application.NoticeService] - 2024년 공지가 아님: 언어교육원 행정조교(오후근무) 모집
2025-03-16 16:18:11.214 [INFO] [Async MailExecutor-2] [k.b.d.n.application.NoticeService] - 크롤링 시작: https://www.konkuk.ac.kr/konkuk/2238/subview.do
2025-03-16 16:18:11.272 [INFO] [Async MailExecutor-2] [k.b.d.n.application.NoticeService] - 2024년 공지가 아님: [일반 및 장애학생] 2025학년도 1학기 기초교양 교과목 이수의무 면제 프로그램 신청 안내
2025-03-16 16:18:12.731 [INFO] [Async MailExecutor-2] [k.b.d.n.application.NoticeService] - 크롤링 시작: https://www.konkuk.ac.kr/konkuk/2239/subview.do
2025-03-16 16:18:12.771 [INFO] [Async MailExecutor-2] [k.b.d.n.application.NoticeService] - 2024년 공지가 아님: [기간변경][대청교]2025년도 대학생 청소년교육지원 장학사업 멘토 모집 안내(~3/23(일))
2025-03-16 16:18:14.174 [INFO] [Async MailExecutor-2] [k.b.d.n.application.NoticeService] - 크롤링 시작: https://www.konkuk.ac.kr/konkuk/2240/subview.do
2025-03-16 16:18:14.212 [INFO] [Async MailExecutor-2] [k.b.d.n.application.NoticeService] - 2024년 공지가 아님: [대학일자리+] ★3월 채용설명회, 상담회 안내 (★3월 셋째/넷째주! 한화에어로스페이스, 월드퀀트, 한화생명금융서비스, 신한은행, 법원행정처 등/ 경품 제공)
2025-03-16 16:18:15.851 [INFO] [Async MailExecutor-2] [k.b.d.n.application.NoticeService] - 크롤링 시작: https://www.konkuk.ac.kr/konkuk/2241/subview.do
2025-03-16 16:18:16.028 [INFO] [Async MailExecutor-2] [k.b.d.n.application.NoticeService] - 2024년 공지가 아님: 2025학년도 1학기 해외명사특강 신청 안내(~3.13.(목))
2025-03-16 16:18:17.443 [INFO] [Async MailExecutor-2] [k.b.d.n.application.NoticeService] - 크롤링 시작: https://www.konkuk.ac.kr/konkuk/2242/subview.do
2025-03-16 16:18:17.488 [INFO] [Async MailExecutor-2] [k.b.d.n.application.NoticeService] - 2024년 공지가 아님: 포천시 특별재난지역선포에 따른 예비군훈련 면제 안내
2025-03-16 16:18:19.315 [INFO] [Async MailExecutor-2] [k.b.d.n.application.NoticeService] - 크롤링 시작: https://www.konkuk.ac.kr/konkuk/2244/subview.do
2025-03-16 16:18:19.364 [INFO] [Async MailExecutor-2] [k.b.d.n.application.NoticeService] - 2024년 공지가 아님: 무료 법률상담 프로그램 이용 안내
2025-03-16 16:18:20.756 [INFO] [Async MailExecutor-2] [k.b.d.n.application.NoticeService] - 크롤링 시작: https://www.konkuk.ac.kr/konkuk/19329/subview.do
2025-03-16 16:18:20.790 [INFO] [Async MailExecutor-2] [k.b.d.n.application.NoticeService] - 2024년 공지가 아님: 2025년도 인문사회분야 석사/박사과정생연구장려금 지원사업 신청 안내
2025-03-16 16:18:22.241 [INFO] [Async MailExecutor-2] [k.b.d.n.application.NoticeService] - 크롤링 시작: https://www.konkuk.ac.kr/konkuk/19564/subview.do
2025-03-16 16:18:22.284 [INFO] [Async MailExecutor-2] [k.b.d.n.application.NoticeService] - 2024년 공지가 아님: 언어교육원 행정조교(오후근무) 모집
2025-03-16 16:26:55.460 [INFO] [SpringApplicationShutdownHook] [o.s.o.j.LocalContainerEntityManagerFactoryBean] - Closing JPA EntityManagerFactory for persistence unit 'default'
2025-03-16 16:26:55.464 [INFO] [SpringApplicationShutdownHook] [com.zaxxer.hikari.HikariDataSource] - HikariPool-1 - Shutdown initiated...
2025-03-16 16:26:55.494 [INFO] [SpringApplicationShutdownHook] [com.zaxxer.hikari.HikariDataSource] - HikariPool-1 - Shutdown completed.
2025-03-16 16:26:57.909 [INFO] [background-preinit] [o.h.validator.internal.util.Version] - HV000001: Hibernate Validator 8.0.1.Final
2025-03-16 16:26:57.942 [INFO] [main] [ku_rum.backend.BackendApplication] - Starting BackendApplication using Java 17.0.14 with PID 69747 (/Users/hyerimac/Desktop/dev/kurum/backend/build/classes/java/main started by hyerimac in /Users/hyerimac/Desktop/dev/kurum/backend)
2025-03-16 16:26:57.943 [INFO] [main] [ku_rum.backend.BackendApplication] - The following 3 profiles are active: "local", "port-local", "oauth"
2025-03-16 16:26:58.678 [INFO] [main] [o.s.d.r.c.RepositoryConfigurationDelegate] - Multiple Spring Data modules found, entering strict repository configuration mode
2025-03-16 16:26:58.679 [INFO] [main] [o.s.d.r.c.RepositoryConfigurationDelegate] - Bootstrapping Spring Data JPA repositories in DEFAULT mode.
2025-03-16 16:26:58.811 [INFO] [main] [o.s.d.r.c.RepositoryConfigurationDelegate] - Finished Spring Data repository scanning in 121 ms. Found 11 JPA repository interfaces.
2025-03-16 16:26:58.821 [INFO] [main] [o.s.d.r.c.RepositoryConfigurationDelegate] - Multiple Spring Data modules found, entering strict repository configuration mode
2025-03-16 16:26:58.822 [INFO] [main] [o.s.d.r.c.RepositoryConfigurationDelegate] - Bootstrapping Spring Data Redis repositories in DEFAULT mode.
2025-03-16 16:26:58.838 [INFO] [main] [o.s.d.r.c.RepositoryConfigurationExtensionSupport] - Spring Data Redis - Could not safely identify store assignment for repository candidate interface ku_rum.backend.domain.bookmark.domain.repository.BookmarkRepository; If you want this repository to be a Redis repository, consider annotating your entities with one of these annotations: org.springframework.data.redis.core.RedisHash (preferred), or consider extending one of the following types with your repository: org.springframework.data.keyvalue.repository.KeyValueRepository
2025-03-16 16:26:58.839 [INFO] [main] [o.s.d.r.c.RepositoryConfigurationExtensionSupport] - Spring Data Redis - Could not safely identify store assignment for repository candidate interface ku_rum.backend.domain.building.domain.repository.BuildingRepository; If you want this repository to be a Redis repository, consider annotating your entities with one of these annotations: org.springframework.data.redis.core.RedisHash (preferred), or consider extending one of the following types with your repository: org.springframework.data.keyvalue.repository.KeyValueRepository
2025-03-16 16:26:58.839 [INFO] [main] [o.s.d.r.c.RepositoryConfigurationExtensionSupport] - Spring Data Redis - Could not safely identify store assignment for repository candidate interface ku_rum.backend.domain.category.domain.repository.BuildingCategoryRepository; If you want this repository to be a Redis repository, consider annotating your entities with one of these annotations: org.springframework.data.redis.core.RedisHash (preferred), or consider extending one of the following types with your repository: org.springframework.data.keyvalue.repository.KeyValueRepository
2025-03-16 16:26:58.839 [INFO] [main] [o.s.d.r.c.RepositoryConfigurationExtensionSupport] - Spring Data Redis - Could not safely identify store assignment for repository candidate interface ku_rum.backend.domain.category.domain.repository.CategoryRepository; If you want this repository to be a Redis repository, consider annotating your entities with one of these annotations: org.springframework.data.redis.core.RedisHash (preferred), or consider extending one of the following types with your repository: org.springframework.data.keyvalue.repository.KeyValueRepository
2025-03-16 16:26:58.839 [INFO] [main] [o.s.d.r.c.RepositoryConfigurationExtensionSupport] - Spring Data Redis - Could not safely identify store assignment for repository candidate interface ku_rum.backend.domain.department.domain.repository.DepartmentRepository; If you want this repository to be a Redis repository, consider annotating your entities with one of these annotations: org.springframework.data.redis.core.RedisHash (preferred), or consider extending one of the following types with your repository: org.springframework.data.keyvalue.repository.KeyValueRepository
2025-03-16 16:26:58.839 [INFO] [main] [o.s.d.r.c.RepositoryConfigurationExtensionSupport] - Spring Data Redis - Could not safely identify store assignment for repository candidate interface ku_rum.backend.domain.friend.domain.repository.FriendRepository; If you want this repository to be a Redis repository, consider annotating your entities with one of these annotations: org.springframework.data.redis.core.RedisHash (preferred), or consider extending one of the following types with your repository: org.springframework.data.keyvalue.repository.KeyValueRepository
2025-03-16 16:26:58.839 [INFO] [main] [o.s.d.r.c.RepositoryConfigurationExtensionSupport] - Spring Data Redis - Could not safely identify store assignment for repository candidate interface ku_rum.backend.domain.menu.domain.repository.MenuRepository; If you want this repository to be a Redis repository, consider annotating your entities with one of these annotations: org.springframework.data.redis.core.RedisHash (preferred), or consider extending one of the following types with your repository: org.springframework.data.keyvalue.repository.KeyValueRepository
2025-03-16 16:26:58.839 [INFO] [main] [o.s.d.r.c.RepositoryConfigurationExtensionSupport] - Spring Data Redis - Could not safely identify store assignment for repository candidate interface ku_rum.backend.domain.notice.domain.repository.NoticeRepository; If you want this repository to be a Redis repository, consider annotating your entities with one of these annotations: org.springframework.data.redis.core.RedisHash (preferred), or consider extending one of the following types with your repository: org.springframework.data.keyvalue.repository.KeyValueRepository
2025-03-16 16:26:58.840 [INFO] [main] [o.s.d.r.c.RepositoryConfigurationExtensionSupport] - Spring Data Redis - Could not safely identify store assignment for repository candidate interface ku_rum.backend.domain.recruitment.domain.repository.RecruitmentRepository; If you want this repository to be a Redis repository, consider annotating your entities with one of these annotations: org.springframework.data.redis.core.RedisHash (preferred), or consider extending one of the following types with your repository: org.springframework.data.keyvalue.repository.KeyValueRepository
2025-03-16 16:26:58.841 [INFO] [main] [o.s.d.r.c.RepositoryConfigurationExtensionSupport] - Spring Data Redis - Could not safely identify store assignment for repository candidate interface ku_rum.backend.domain.user.domain.repository.UserRepository; If you want this repository to be a Redis repository, consider annotating your entities with one of these annotations: org.springframework.data.redis.core.RedisHash (preferred), or consider extending one of the following types with your repository: org.springframework.data.keyvalue.repository.KeyValueRepository
2025-03-16 16:26:58.841 [INFO] [main] [o.s.d.r.c.RepositoryConfigurationExtensionSupport] - Spring Data Redis - Could not safely identify store assignment for repository candidate interface ku_rum.backend.global.log.domain.repository.ApiLogRepository; If you want this repository to be a Redis repository, consider annotating your entities with one of these annotations: org.springframework.data.redis.core.RedisHash (preferred), or consider extending one of the following types with your repository: org.springframework.data.keyvalue.repository.KeyValueRepository
2025-03-16 16:26:58.841 [INFO] [main] [o.s.d.r.c.RepositoryConfigurationDelegate] - Finished Spring Data repository scanning in 11 ms. Found 0 Redis repository interfaces.
2025-03-16 16:26:59.415 [INFO] [main] [o.s.b.w.e.tomcat.TomcatWebServer] - Tomcat initialized with port 9000 (http)
2025-03-16 16:26:59.421 [INFO] [main] [o.a.coyote.http11.Http11NioProtocol] - Initializing ProtocolHandler ["http-nio-9000"]
2025-03-16 16:26:59.423 [INFO] [main] [o.a.catalina.core.StandardService] - Starting service [Tomcat]
2025-03-16 16:26:59.423 [INFO] [main] [o.a.catalina.core.StandardEngine] - Starting Servlet engine: [Apache Tomcat/10.1.30]
2025-03-16 16:26:59.464 [INFO] [main] [o.a.c.c.C.[Tomcat].[localhost].[/]] - Initializing Spring embedded WebApplicationContext
2025-03-16 16:26:59.464 [INFO] [main] [o.s.b.w.s.c.ServletWebServerApplicationContext] - Root WebApplicationContext: initialization completed in 1494 ms
2025-03-16 16:26:59.959 [INFO] [main] [org.hibernate.Version] - HHH000412: Hibernate ORM core version 6.5.3.Final
2025-03-16 16:26:59.979 [INFO] [main] [o.h.c.i.RegionFactoryInitiator] - HHH000026: Second-level cache disabled
2025-03-16 16:27:00.160 [INFO] [main] [o.s.o.j.p.SpringPersistenceUnitInfo] - No LoadTimeWeaver setup: ignoring JPA class transformer
2025-03-16 16:27:00.188 [INFO] [main] [com.zaxxer.hikari.HikariDataSource] - HikariPool-1 - Starting...
2025-03-16 16:27:00.400 [INFO] [main] [com.zaxxer.hikari.pool.HikariPool] - HikariPool-1 - Added connection com.mysql.cj.jdbc.ConnectionImpl@4ee80a94
2025-03-16 16:27:00.401 [INFO] [main] [com.zaxxer.hikari.HikariDataSource] - HikariPool-1 - Start completed.
2025-03-16 16:27:01.137 [INFO] [main] [o.h.e.t.j.p.i.JtaPlatformInitiator] - HHH000489: No JTA platform available (set 'hibernate.transaction.jta.platform' to enable JTA platform integration)
2025-03-16 16:27:01.694 [INFO] [main] [o.s.o.j.LocalContainerEntityManagerFactoryBean] - Initialized JPA EntityManagerFactory for persistence unit 'default'
2025-03-16 16:27:01.990 [INFO] [main] [o.s.d.j.r.query.QueryEnhancerFactory] - Hibernate is in classpath; If applicable, HQL parser will be used.
2025-03-16 16:27:02.958 [INFO] [main] [o.s.s.c.a.a.c.InitializeUserDetailsBeanManagerConfigurer$InitializeUserDetailsManagerConfigurer] - Global AuthenticationManager configured with UserDetailsService bean with name userDetailsService
2025-03-16 16:27:03.484 [INFO] [main] [o.s.b.a.e.web.EndpointLinksResolver] - Exposing 1 endpoint beneath base path '/actuator'
2025-03-16 16:27:04.269 [INFO] [main] [o.a.coyote.http11.Http11NioProtocol] - Starting ProtocolHandler ["http-nio-9000"]
2025-03-16 16:27:04.279 [INFO] [main] [o.s.b.w.e.tomcat.TomcatWebServer] - Tomcat started on port 9000 (http) with context path '/'
2025-03-16 16:27:04.298 [INFO] [main] [ku_rum.backend.BackendApplication] - Started BackendApplication in 6.614 seconds (process running for 7.257)
2025-03-16 16:27:04.688 [INFO] [main] [k.b.g.d.FulltextIndexInitializer] - ✅ FULLTEXT INDEX 추가됨: 테이블=building, 인덱스=name_fulltext_index
2025-03-16 16:27:04.776 [INFO] [main] [k.b.g.d.FulltextIndexInitializer] - ✅ FULLTEXT INDEX 추가됨: 테이블=category, 인덱스=name_fulltext_index
2025-03-16 16:27:04.812 [INFO] [RMI TCP Connection(2)-127.0.0.1] [o.a.c.c.C.[Tomcat].[localhost].[/]] - Initializing Spring DispatcherServlet 'dispatcherServlet'
2025-03-16 16:27:04.812 [INFO] [RMI TCP Connection(2)-127.0.0.1] [o.s.web.servlet.DispatcherServlet] - Initializing Servlet 'dispatcherServlet'
2025-03-16 16:27:04.814 [INFO] [RMI TCP Connection(2)-127.0.0.1] [o.s.web.servlet.DispatcherServlet] - Completed initialization in 2 ms
2025-03-16 16:27:07.356 [INFO] [Async MailExecutor-1] [k.b.d.n.application.NoticeService] - 크롤링 시작: https://www.konkuk.ac.kr/konkuk/2238/subview.do
2025-03-16 16:27:07.429 [INFO] [Async MailExecutor-1] [k.b.d.n.application.NoticeService] - 2024년 공지가 아님: [일반 및 장애학생] 2025학년도 1학기 기초교양 교과목 이수의무 면제 프로그램 신청 안내
2025-03-16 16:27:08.920 [INFO] [Async MailExecutor-1] [k.b.d.n.application.NoticeService] - 크롤링 시작: https://www.konkuk.ac.kr/konkuk/2239/subview.do
2025-03-16 16:27:08.987 [INFO] [Async MailExecutor-1] [k.b.d.n.application.NoticeService] - 2024년 공지가 아님: [기간변경][대청교]2025년도 대학생 청소년교육지원 장학사업 멘토 모집 안내(~3/23(일))
2025-03-16 16:27:10.522 [INFO] [Async MailExecutor-1] [k.b.d.n.application.NoticeService] - 크롤링 시작: https://www.konkuk.ac.kr/konkuk/2240/subview.do
2025-03-16 16:27:10.615 [INFO] [Async MailExecutor-1] [k.b.d.n.application.NoticeService] - 2024년 공지가 아님: [대학일자리+] ★3월 채용설명회, 상담회 안내 (★3월 셋째/넷째주! 한화에어로스페이스, 월드퀀트, 한화생명금융서비스, 신한은행, 법원행정처 등/ 경품 제공)
2025-03-16 16:27:11.963 [INFO] [http-nio-9000-exec-1] [k.b.g.l.i.LoggingInterceptor] - 
 HTTP Method : GET 
 Request URI : /actuator/metrics/waves.user.count_1 
 AccessToken Exist : false 
 Request Body : 
 Request Time : 2025-03-16T16:27:11.933500
 Request IP : 0:0:0:0:0:0:0:1
2025-03-16 16:27:12.383 [INFO] [Async MailExecutor-1] [k.b.d.n.application.NoticeService] - 크롤링 시작: https://www.konkuk.ac.kr/konkuk/2241/subview.do
2025-03-16 16:27:12.428 [INFO] [Async MailExecutor-1] [k.b.d.n.application.NoticeService] - 2024년 공지가 아님: 2025학년도 1학기 해외명사특강 신청 안내(~3.13.(목))
2025-03-16 16:27:13.721 [INFO] [Async MailExecutor-1] [k.b.d.n.application.NoticeService] - 크롤링 시작: https://www.konkuk.ac.kr/konkuk/2242/subview.do
2025-03-16 16:27:13.766 [INFO] [Async MailExecutor-1] [k.b.d.n.application.NoticeService] - 2024년 공지가 아님: 포천시 특별재난지역선포에 따른 예비군훈련 면제 안내
2025-03-16 16:27:15.108 [INFO] [Async MailExecutor-1] [k.b.d.n.application.NoticeService] - 크롤링 시작: https://www.konkuk.ac.kr/konkuk/2244/subview.do
2025-03-16 16:27:15.158 [INFO] [Async MailExecutor-1] [k.b.d.n.application.NoticeService] - 2024년 공지가 아님: 무료 법률상담 프로그램 이용 안내
2025-03-16 16:27:15.400 [INFO] [http-nio-9000-exec-3] [k.b.g.l.i.LoggingInterceptor] - 
 HTTP Method : GET 
 Request URI : /actuator/metrics 
 AccessToken Exist : false 
 Request Body : 
 Request Time : 2025-03-16T16:27:15.387443
 Request IP : 0:0:0:0:0:0:0:1
2025-03-16 16:27:16.983 [INFO] [Async MailExecutor-1] [k.b.d.n.application.NoticeService] - 크롤링 시작: https://www.konkuk.ac.kr/konkuk/19329/subview.do
2025-03-16 16:27:17.027 [INFO] [Async MailExecutor-1] [k.b.d.n.application.NoticeService] - 2024년 공지가 아님: 2025년도 인문사회분야 석사/박사과정생연구장려금 지원사업 신청 안내
2025-03-16 16:27:18.638 [INFO] [Async MailExecutor-1] [k.b.d.n.application.NoticeService] - 크롤링 시작: https://www.konkuk.ac.kr/konkuk/19564/subview.do
2025-03-16 16:27:18.682 [INFO] [Async MailExecutor-1] [k.b.d.n.application.NoticeService] - 2024년 공지가 아님: 언어교육원 행정조교(오후근무) 모집
2025-03-16 16:27:42.125 [INFO] [SpringApplicationShutdownHook] [o.s.o.j.LocalContainerEntityManagerFactoryBean] - Closing JPA EntityManagerFactory for persistence unit 'default'
2025-03-16 16:27:42.127 [INFO] [SpringApplicationShutdownHook] [com.zaxxer.hikari.HikariDataSource] - HikariPool-1 - Shutdown initiated...
2025-03-16 16:27:42.141 [INFO] [SpringApplicationShutdownHook] [com.zaxxer.hikari.HikariDataSource] - HikariPool-1 - Shutdown completed.
2025-03-16 16:27:45.838 [INFO] [background-preinit] [o.h.validator.internal.util.Version] - HV000001: Hibernate Validator 8.0.1.Final
2025-03-16 16:27:45.894 [INFO] [main] [ku_rum.backend.BackendApplication] - Starting BackendApplication using Java 17.0.14 with PID 70255 (/Users/hyerimac/Desktop/dev/kurum/backend/build/classes/java/main started by hyerimac in /Users/hyerimac/Desktop/dev/kurum/backend)
2025-03-16 16:27:45.895 [INFO] [main] [ku_rum.backend.BackendApplication] - The following 3 profiles are active: "local", "port-local", "oauth"
2025-03-16 16:27:47.047 [INFO] [main] [o.s.d.r.c.RepositoryConfigurationDelegate] - Multiple Spring Data modules found, entering strict repository configuration mode
2025-03-16 16:27:47.048 [INFO] [main] [o.s.d.r.c.RepositoryConfigurationDelegate] - Bootstrapping Spring Data JPA repositories in DEFAULT mode.
2025-03-16 16:27:47.169 [INFO] [main] [o.s.d.r.c.RepositoryConfigurationDelegate] - Finished Spring Data repository scanning in 112 ms. Found 11 JPA repository interfaces.
2025-03-16 16:27:47.178 [INFO] [main] [o.s.d.r.c.RepositoryConfigurationDelegate] - Multiple Spring Data modules found, entering strict repository configuration mode
2025-03-16 16:27:47.178 [INFO] [main] [o.s.d.r.c.RepositoryConfigurationDelegate] - Bootstrapping Spring Data Redis repositories in DEFAULT mode.
2025-03-16 16:27:47.191 [INFO] [main] [o.s.d.r.c.RepositoryConfigurationExtensionSupport] - Spring Data Redis - Could not safely identify store assignment for repository candidate interface ku_rum.backend.domain.bookmark.domain.repository.BookmarkRepository; If you want this repository to be a Redis repository, consider annotating your entities with one of these annotations: org.springframework.data.redis.core.RedisHash (preferred), or consider extending one of the following types with your repository: org.springframework.data.keyvalue.repository.KeyValueRepository
2025-03-16 16:27:47.192 [INFO] [main] [o.s.d.r.c.RepositoryConfigurationExtensionSupport] - Spring Data Redis - Could not safely identify store assignment for repository candidate interface ku_rum.backend.domain.building.domain.repository.BuildingRepository; If you want this repository to be a Redis repository, consider annotating your entities with one of these annotations: org.springframework.data.redis.core.RedisHash (preferred), or consider extending one of the following types with your repository: org.springframework.data.keyvalue.repository.KeyValueRepository
2025-03-16 16:27:47.192 [INFO] [main] [o.s.d.r.c.RepositoryConfigurationExtensionSupport] - Spring Data Redis - Could not safely identify store assignment for repository candidate interface ku_rum.backend.domain.category.domain.repository.BuildingCategoryRepository; If you want this repository to be a Redis repository, consider annotating your entities with one of these annotations: org.springframework.data.redis.core.RedisHash (preferred), or consider extending one of the following types with your repository: org.springframework.data.keyvalue.repository.KeyValueRepository
2025-03-16 16:27:47.192 [INFO] [main] [o.s.d.r.c.RepositoryConfigurationExtensionSupport] - Spring Data Redis - Could not safely identify store assignment for repository candidate interface ku_rum.backend.domain.category.domain.repository.CategoryRepository; If you want this repository to be a Redis repository, consider annotating your entities with one of these annotations: org.springframework.data.redis.core.RedisHash (preferred), or consider extending one of the following types with your repository: org.springframework.data.keyvalue.repository.KeyValueRepository
2025-03-16 16:27:47.192 [INFO] [main] [o.s.d.r.c.RepositoryConfigurationExtensionSupport] - Spring Data Redis - Could not safely identify store assignment for repository candidate interface ku_rum.backend.domain.department.domain.repository.DepartmentRepository; If you want this repository to be a Redis repository, consider annotating your entities with one of these annotations: org.springframework.data.redis.core.RedisHash (preferred), or consider extending one of the following types with your repository: org.springframework.data.keyvalue.repository.KeyValueRepository
2025-03-16 16:27:47.192 [INFO] [main] [o.s.d.r.c.RepositoryConfigurationExtensionSupport] - Spring Data Redis - Could not safely identify store assignment for repository candidate interface ku_rum.backend.domain.friend.domain.repository.FriendRepository; If you want this repository to be a Redis repository, consider annotating your entities with one of these annotations: org.springframework.data.redis.core.RedisHash (preferred), or consider extending one of the following types with your repository: org.springframework.data.keyvalue.repository.KeyValueRepository
2025-03-16 16:27:47.192 [INFO] [main] [o.s.d.r.c.RepositoryConfigurationExtensionSupport] - Spring Data Redis - Could not safely identify store assignment for repository candidate interface ku_rum.backend.domain.menu.domain.repository.MenuRepository; If you want this repository to be a Redis repository, consider annotating your entities with one of these annotations: org.springframework.data.redis.core.RedisHash (preferred), or consider extending one of the following types with your repository: org.springframework.data.keyvalue.repository.KeyValueRepository
2025-03-16 16:27:47.192 [INFO] [main] [o.s.d.r.c.RepositoryConfigurationExtensionSupport] - Spring Data Redis - Could not safely identify store assignment for repository candidate interface ku_rum.backend.domain.notice.domain.repository.NoticeRepository; If you want this repository to be a Redis repository, consider annotating your entities with one of these annotations: org.springframework.data.redis.core.RedisHash (preferred), or consider extending one of the following types with your repository: org.springframework.data.keyvalue.repository.KeyValueRepository
2025-03-16 16:27:47.192 [INFO] [main] [o.s.d.r.c.RepositoryConfigurationExtensionSupport] - Spring Data Redis - Could not safely identify store assignment for repository candidate interface ku_rum.backend.domain.recruitment.domain.repository.RecruitmentRepository; If you want this repository to be a Redis repository, consider annotating your entities with one of these annotations: org.springframework.data.redis.core.RedisHash (preferred), or consider extending one of the following types with your repository: org.springframework.data.keyvalue.repository.KeyValueRepository
2025-03-16 16:27:47.193 [INFO] [main] [o.s.d.r.c.RepositoryConfigurationExtensionSupport] - Spring Data Redis - Could not safely identify store assignment for repository candidate interface ku_rum.backend.domain.user.domain.repository.UserRepository; If you want this repository to be a Redis repository, consider annotating your entities with one of these annotations: org.springframework.data.redis.core.RedisHash (preferred), or consider extending one of the following types with your repository: org.springframework.data.keyvalue.repository.KeyValueRepository
2025-03-16 16:27:47.193 [INFO] [main] [o.s.d.r.c.RepositoryConfigurationExtensionSupport] - Spring Data Redis - Could not safely identify store assignment for repository candidate interface ku_rum.backend.global.log.domain.repository.ApiLogRepository; If you want this repository to be a Redis repository, consider annotating your entities with one of these annotations: org.springframework.data.redis.core.RedisHash (preferred), or consider extending one of the following types with your repository: org.springframework.data.keyvalue.repository.KeyValueRepository
2025-03-16 16:27:47.193 [INFO] [main] [o.s.d.r.c.RepositoryConfigurationDelegate] - Finished Spring Data repository scanning in 10 ms. Found 0 Redis repository interfaces.
2025-03-16 16:27:47.768 [INFO] [main] [o.s.b.w.e.tomcat.TomcatWebServer] - Tomcat initialized with port 9000 (http)
2025-03-16 16:27:47.774 [INFO] [main] [o.a.coyote.http11.Http11NioProtocol] - Initializing ProtocolHandler ["http-nio-9000"]
2025-03-16 16:27:47.776 [INFO] [main] [o.a.catalina.core.StandardService] - Starting service [Tomcat]
2025-03-16 16:27:47.776 [INFO] [main] [o.a.catalina.core.StandardEngine] - Starting Servlet engine: [Apache Tomcat/10.1.30]
2025-03-16 16:27:47.819 [INFO] [main] [o.a.c.c.C.[Tomcat].[localhost].[/]] - Initializing Spring embedded WebApplicationContext
2025-03-16 16:27:47.819 [INFO] [main] [o.s.b.w.s.c.ServletWebServerApplicationContext] - Root WebApplicationContext: initialization completed in 1870 ms
2025-03-16 16:27:48.319 [INFO] [main] [org.hibernate.Version] - HHH000412: Hibernate ORM core version 6.5.3.Final
2025-03-16 16:27:48.336 [INFO] [main] [o.h.c.i.RegionFactoryInitiator] - HHH000026: Second-level cache disabled
2025-03-16 16:27:48.513 [INFO] [main] [o.s.o.j.p.SpringPersistenceUnitInfo] - No LoadTimeWeaver setup: ignoring JPA class transformer
2025-03-16 16:27:48.533 [INFO] [main] [com.zaxxer.hikari.HikariDataSource] - HikariPool-1 - Starting...
2025-03-16 16:27:48.721 [INFO] [main] [com.zaxxer.hikari.pool.HikariPool] - HikariPool-1 - Added connection com.mysql.cj.jdbc.ConnectionImpl@549be307
2025-03-16 16:27:48.722 [INFO] [main] [com.zaxxer.hikari.HikariDataSource] - HikariPool-1 - Start completed.
2025-03-16 16:27:49.430 [INFO] [main] [o.h.e.t.j.p.i.JtaPlatformInitiator] - HHH000489: No JTA platform available (set 'hibernate.transaction.jta.platform' to enable JTA platform integration)
2025-03-16 16:27:49.935 [INFO] [main] [o.s.o.j.LocalContainerEntityManagerFactoryBean] - Initialized JPA EntityManagerFactory for persistence unit 'default'
2025-03-16 16:27:50.252 [INFO] [main] [o.s.d.j.r.query.QueryEnhancerFactory] - Hibernate is in classpath; If applicable, HQL parser will be used.
2025-03-16 16:27:51.163 [INFO] [main] [o.s.s.c.a.a.c.InitializeUserDetailsBeanManagerConfigurer$InitializeUserDetailsManagerConfigurer] - Global AuthenticationManager configured with UserDetailsService bean with name userDetailsService
2025-03-16 16:27:51.477 [INFO] [main] [o.s.b.a.e.web.EndpointLinksResolver] - Exposing 1 endpoint beneath base path '/actuator'
2025-03-16 16:27:52.126 [INFO] [main] [o.a.coyote.http11.Http11NioProtocol] - Starting ProtocolHandler ["http-nio-9000"]
2025-03-16 16:27:52.134 [INFO] [main] [o.s.b.w.e.tomcat.TomcatWebServer] - Tomcat started on port 9000 (http) with context path '/'
2025-03-16 16:27:52.153 [INFO] [main] [ku_rum.backend.BackendApplication] - Started BackendApplication in 6.9 seconds (process running for 7.604)
2025-03-16 16:27:52.493 [INFO] [main] [k.b.g.d.FulltextIndexInitializer] - ✅ FULLTEXT INDEX 추가됨: 테이블=building, 인덱스=name_fulltext_index
2025-03-16 16:27:52.550 [INFO] [main] [k.b.g.d.FulltextIndexInitializer] - ✅ FULLTEXT INDEX 추가됨: 테이블=category, 인덱스=name_fulltext_index
2025-03-16 16:27:52.990 [INFO] [RMI TCP Connection(3)-127.0.0.1] [o.a.c.c.C.[Tomcat].[localhost].[/]] - Initializing Spring DispatcherServlet 'dispatcherServlet'
2025-03-16 16:27:52.990 [INFO] [RMI TCP Connection(3)-127.0.0.1] [o.s.web.servlet.DispatcherServlet] - Initializing Servlet 'dispatcherServlet'
2025-03-16 16:27:52.993 [INFO] [RMI TCP Connection(3)-127.0.0.1] [o.s.web.servlet.DispatcherServlet] - Completed initialization in 3 ms
2025-03-16 16:27:55.258 [INFO] [Async MailExecutor-1] [k.b.d.n.application.NoticeService] - 크롤링 시작: https://www.konkuk.ac.kr/konkuk/2238/subview.do
2025-03-16 16:27:55.324 [INFO] [Async MailExecutor-1] [k.b.d.n.application.NoticeService] - 2024년 공지가 아님: [일반 및 장애학생] 2025학년도 1학기 기초교양 교과목 이수의무 면제 프로그램 신청 안내
2025-03-16 16:27:56.800 [INFO] [Async MailExecutor-1] [k.b.d.n.application.NoticeService] - 크롤링 시작: https://www.konkuk.ac.kr/konkuk/2239/subview.do
2025-03-16 16:27:56.847 [INFO] [Async MailExecutor-1] [k.b.d.n.application.NoticeService] - 2024년 공지가 아님: [기간변경][대청교]2025년도 대학생 청소년교육지원 장학사업 멘토 모집 안내(~3/23(일))
2025-03-16 16:27:58.249 [INFO] [Async MailExecutor-1] [k.b.d.n.application.NoticeService] - 크롤링 시작: https://www.konkuk.ac.kr/konkuk/2240/subview.do
2025-03-16 16:27:58.288 [INFO] [Async MailExecutor-1] [k.b.d.n.application.NoticeService] - 2024년 공지가 아님: [대학일자리+] ★3월 채용설명회, 상담회 안내 (★3월 셋째/넷째주! 한화에어로스페이스, 월드퀀트, 한화생명금융서비스, 신한은행, 법원행정처 등/ 경품 제공)
2025-03-16 16:27:59.648 [INFO] [Async MailExecutor-1] [k.b.d.n.application.NoticeService] - 크롤링 시작: https://www.konkuk.ac.kr/konkuk/2241/subview.do
2025-03-16 16:27:59.693 [INFO] [Async MailExecutor-1] [k.b.d.n.application.NoticeService] - 2024년 공지가 아님: 2025학년도 1학기 해외명사특강 신청 안내(~3.13.(목))
2025-03-16 16:28:01.491 [INFO] [Async MailExecutor-1] [k.b.d.n.application.NoticeService] - 크롤링 시작: https://www.konkuk.ac.kr/konkuk/2242/subview.do
2025-03-16 16:28:01.536 [INFO] [Async MailExecutor-1] [k.b.d.n.application.NoticeService] - 2024년 공지가 아님: 포천시 특별재난지역선포에 따른 예비군훈련 면제 안내
2025-03-16 16:28:02.850 [INFO] [Async MailExecutor-1] [k.b.d.n.application.NoticeService] - 크롤링 시작: https://www.konkuk.ac.kr/konkuk/2244/subview.do
2025-03-16 16:28:02.895 [INFO] [Async MailExecutor-1] [k.b.d.n.application.NoticeService] - 2024년 공지가 아님: 무료 법률상담 프로그램 이용 안내
2025-03-16 16:28:04.725 [INFO] [Async MailExecutor-1] [k.b.d.n.application.NoticeService] - 크롤링 시작: https://www.konkuk.ac.kr/konkuk/19329/subview.do
2025-03-16 16:28:04.765 [INFO] [Async MailExecutor-1] [k.b.d.n.application.NoticeService] - 2024년 공지가 아님: 2025년도 인문사회분야 석사/박사과정생연구장려금 지원사업 신청 안내
2025-03-16 16:28:06.434 [INFO] [Async MailExecutor-1] [k.b.d.n.application.NoticeService] - 크롤링 시작: https://www.konkuk.ac.kr/konkuk/19564/subview.do
2025-03-16 16:28:06.529 [INFO] [Async MailExecutor-1] [k.b.d.n.application.NoticeService] - 2024년 공지가 아님: 언어교육원 행정조교(오후근무) 모집
2025-03-16 16:37:55.167 [INFO] [Async MailExecutor-2] [k.b.d.n.application.NoticeService] - 크롤링 시작: https://www.konkuk.ac.kr/konkuk/2238/subview.do
2025-03-16 16:37:55.225 [INFO] [Async MailExecutor-2] [k.b.d.n.application.NoticeService] - 2024년 공지가 아님: [일반 및 장애학생] 2025학년도 1학기 기초교양 교과목 이수의무 면제 프로그램 신청 안내
2025-03-16 16:37:56.598 [INFO] [Async MailExecutor-2] [k.b.d.n.application.NoticeService] - 크롤링 시작: https://www.konkuk.ac.kr/konkuk/2239/subview.do
2025-03-16 16:37:56.679 [INFO] [Async MailExecutor-2] [k.b.d.n.application.NoticeService] - 2024년 공지가 아님: [기간변경][대청교]2025년도 대학생 청소년교육지원 장학사업 멘토 모집 안내(~3/23(일))
2025-03-16 16:37:58.456 [INFO] [Async MailExecutor-2] [k.b.d.n.application.NoticeService] - 크롤링 시작: https://www.konkuk.ac.kr/konkuk/2240/subview.do
2025-03-16 16:37:58.501 [INFO] [Async MailExecutor-2] [k.b.d.n.application.NoticeService] - 2024년 공지가 아님: [대학일자리+] ★3월 채용설명회, 상담회 안내 (★3월 셋째/넷째주! 한화에어로스페이스, 월드퀀트, 한화생명금융서비스, 신한은행, 법원행정처 등/ 경품 제공)
2025-03-16 16:37:59.793 [INFO] [Async MailExecutor-2] [k.b.d.n.application.NoticeService] - 크롤링 시작: https://www.konkuk.ac.kr/konkuk/2241/subview.do
2025-03-16 16:37:59.839 [INFO] [Async MailExecutor-2] [k.b.d.n.application.NoticeService] - 2024년 공지가 아님: 2025학년도 1학기 해외명사특강 신청 안내(~3.13.(목))
2025-03-16 16:38:01.510 [INFO] [Async MailExecutor-2] [k.b.d.n.application.NoticeService] - 크롤링 시작: https://www.konkuk.ac.kr/konkuk/2242/subview.do
2025-03-16 16:38:01.556 [INFO] [Async MailExecutor-2] [k.b.d.n.application.NoticeService] - 2024년 공지가 아님: 포천시 특별재난지역선포에 따른 예비군훈련 면제 안내
2025-03-16 16:38:03.197 [INFO] [Async MailExecutor-2] [k.b.d.n.application.NoticeService] - 크롤링 시작: https://www.konkuk.ac.kr/konkuk/2244/subview.do
2025-03-16 16:38:03.237 [INFO] [Async MailExecutor-2] [k.b.d.n.application.NoticeService] - 2024년 공지가 아님: 무료 법률상담 프로그램 이용 안내
2025-03-16 16:38:04.841 [INFO] [Async MailExecutor-2] [k.b.d.n.application.NoticeService] - 크롤링 시작: https://www.konkuk.ac.kr/konkuk/19329/subview.do
2025-03-16 16:38:04.875 [INFO] [Async MailExecutor-2] [k.b.d.n.application.NoticeService] - 2024년 공지가 아님: 2025년도 인문사회분야 석사/박사과정생연구장려금 지원사업 신청 안내
2025-03-16 16:38:06.354 [INFO] [Async MailExecutor-2] [k.b.d.n.application.NoticeService] - 크롤링 시작: https://www.konkuk.ac.kr/konkuk/19564/subview.do
2025-03-16 16:38:06.536 [INFO] [Async MailExecutor-2] [k.b.d.n.application.NoticeService] - 2024년 공지가 아님: 언어교육원 행정조교(오후근무) 모집
2025-03-16 16:41:12.356 [INFO] [http-nio-9000-exec-3] [k.b.g.l.i.LoggingInterceptor] - 
 HTTP Method : GET 
 Request URI : /actuator/metrics 
 AccessToken Exist : false 
 Request Body : 
 Request Time : 2025-03-16T16:41:12.332722
 Request IP : 0:0:0:0:0:0:0:1
2025-03-16 16:41:12.499 [INFO] [http-nio-9000-exec-4] [k.b.g.l.i.LoggingInterceptor] - 
 HTTP Method : GET 
 Request URI : /actuator/metrics 
 AccessToken Exist : false 
 Request Body : 
 Request Time : 2025-03-16T16:41:12.488897
 Request IP : 0:0:0:0:0:0:0:1
2025-03-16 16:41:48.047 [INFO] [http-nio-9000-exec-8] [k.b.g.l.i.LoggingInterceptor] - 
 HTTP Method : GET 
 Request URI : /actuator/metrics/waves.user.count_1 
 AccessToken Exist : false 
 Request Body : 
 Request Time : 2025-03-16T16:41:48.037263
 Request IP : 0:0:0:0:0:0:0:1
2025-03-16 16:41:48.407 [INFO] [http-nio-9000-exec-7] [k.b.g.l.i.LoggingInterceptor] - 
 HTTP Method : GET 
 Request URI : /actuator/metrics/waves.user.count_1 
 AccessToken Exist : false 
 Request Body : 
 Request Time : 2025-03-16T16:41:48.386948
 Request IP : 0:0:0:0:0:0:0:1
2025-03-16 16:43:36.346 [INFO] [http-nio-9000-exec-1] [k.b.g.l.i.LoggingInterceptor] - 
 HTTP Method : GET 
 Request URI : /actuator/metrics/http.server.requests 
 AccessToken Exist : false 
 Request Body : 
 Request Time : 2025-03-16T16:43:36.328527
 Request IP : 0:0:0:0:0:0:0:1
2025-03-16 16:47:12.118 [INFO] [SpringApplicationShutdownHook] [o.s.o.j.LocalContainerEntityManagerFactoryBean] - Closing JPA EntityManagerFactory for persistence unit 'default'
2025-03-16 16:47:12.122 [INFO] [SpringApplicationShutdownHook] [com.zaxxer.hikari.HikariDataSource] - HikariPool-1 - Shutdown initiated...
2025-03-16 16:47:12.139 [INFO] [SpringApplicationShutdownHook] [com.zaxxer.hikari.HikariDataSource] - HikariPool-1 - Shutdown completed.
2025-03-16 16:47:14.186 [INFO] [background-preinit] [o.h.validator.internal.util.Version] - HV000001: Hibernate Validator 8.0.1.Final
2025-03-16 16:47:14.217 [INFO] [main] [ku_rum.backend.BackendApplication] - Starting BackendApplication using Java 17.0.14 with PID 82373 (/Users/hyerimac/Desktop/dev/kurum/backend/build/classes/java/main started by hyerimac in /Users/hyerimac/Desktop/dev/kurum/backend)
2025-03-16 16:47:14.218 [INFO] [main] [ku_rum.backend.BackendApplication] - The following 3 profiles are active: "local", "port-local", "oauth"
2025-03-16 16:47:14.926 [INFO] [main] [o.s.d.r.c.RepositoryConfigurationDelegate] - Multiple Spring Data modules found, entering strict repository configuration mode
2025-03-16 16:47:14.928 [INFO] [main] [o.s.d.r.c.RepositoryConfigurationDelegate] - Bootstrapping Spring Data JPA repositories in DEFAULT mode.
2025-03-16 16:47:15.043 [INFO] [main] [o.s.d.r.c.RepositoryConfigurationDelegate] - Finished Spring Data repository scanning in 107 ms. Found 11 JPA repository interfaces.
2025-03-16 16:47:15.054 [INFO] [main] [o.s.d.r.c.RepositoryConfigurationDelegate] - Multiple Spring Data modules found, entering strict repository configuration mode
2025-03-16 16:47:15.054 [INFO] [main] [o.s.d.r.c.RepositoryConfigurationDelegate] - Bootstrapping Spring Data Redis repositories in DEFAULT mode.
2025-03-16 16:47:15.069 [INFO] [main] [o.s.d.r.c.RepositoryConfigurationExtensionSupport] - Spring Data Redis - Could not safely identify store assignment for repository candidate interface ku_rum.backend.domain.bookmark.domain.repository.BookmarkRepository; If you want this repository to be a Redis repository, consider annotating your entities with one of these annotations: org.springframework.data.redis.core.RedisHash (preferred), or consider extending one of the following types with your repository: org.springframework.data.keyvalue.repository.KeyValueRepository
2025-03-16 16:47:15.069 [INFO] [main] [o.s.d.r.c.RepositoryConfigurationExtensionSupport] - Spring Data Redis - Could not safely identify store assignment for repository candidate interface ku_rum.backend.domain.building.domain.repository.BuildingRepository; If you want this repository to be a Redis repository, consider annotating your entities with one of these annotations: org.springframework.data.redis.core.RedisHash (preferred), or consider extending one of the following types with your repository: org.springframework.data.keyvalue.repository.KeyValueRepository
2025-03-16 16:47:15.070 [INFO] [main] [o.s.d.r.c.RepositoryConfigurationExtensionSupport] - Spring Data Redis - Could not safely identify store assignment for repository candidate interface ku_rum.backend.domain.category.domain.repository.BuildingCategoryRepository; If you want this repository to be a Redis repository, consider annotating your entities with one of these annotations: org.springframework.data.redis.core.RedisHash (preferred), or consider extending one of the following types with your repository: org.springframework.data.keyvalue.repository.KeyValueRepository
2025-03-16 16:47:15.070 [INFO] [main] [o.s.d.r.c.RepositoryConfigurationExtensionSupport] - Spring Data Redis - Could not safely identify store assignment for repository candidate interface ku_rum.backend.domain.category.domain.repository.CategoryRepository; If you want this repository to be a Redis repository, consider annotating your entities with one of these annotations: org.springframework.data.redis.core.RedisHash (preferred), or consider extending one of the following types with your repository: org.springframework.data.keyvalue.repository.KeyValueRepository
2025-03-16 16:47:15.070 [INFO] [main] [o.s.d.r.c.RepositoryConfigurationExtensionSupport] - Spring Data Redis - Could not safely identify store assignment for repository candidate interface ku_rum.backend.domain.department.domain.repository.DepartmentRepository; If you want this repository to be a Redis repository, consider annotating your entities with one of these annotations: org.springframework.data.redis.core.RedisHash (preferred), or consider extending one of the following types with your repository: org.springframework.data.keyvalue.repository.KeyValueRepository
2025-03-16 16:47:15.070 [INFO] [main] [o.s.d.r.c.RepositoryConfigurationExtensionSupport] - Spring Data Redis - Could not safely identify store assignment for repository candidate interface ku_rum.backend.domain.friend.domain.repository.FriendRepository; If you want this repository to be a Redis repository, consider annotating your entities with one of these annotations: org.springframework.data.redis.core.RedisHash (preferred), or consider extending one of the following types with your repository: org.springframework.data.keyvalue.repository.KeyValueRepository
2025-03-16 16:47:15.070 [INFO] [main] [o.s.d.r.c.RepositoryConfigurationExtensionSupport] - Spring Data Redis - Could not safely identify store assignment for repository candidate interface ku_rum.backend.domain.menu.domain.repository.MenuRepository; If you want this repository to be a Redis repository, consider annotating your entities with one of these annotations: org.springframework.data.redis.core.RedisHash (preferred), or consider extending one of the following types with your repository: org.springframework.data.keyvalue.repository.KeyValueRepository
2025-03-16 16:47:15.070 [INFO] [main] [o.s.d.r.c.RepositoryConfigurationExtensionSupport] - Spring Data Redis - Could not safely identify store assignment for repository candidate interface ku_rum.backend.domain.notice.domain.repository.NoticeRepository; If you want this repository to be a Redis repository, consider annotating your entities with one of these annotations: org.springframework.data.redis.core.RedisHash (preferred), or consider extending one of the following types with your repository: org.springframework.data.keyvalue.repository.KeyValueRepository
2025-03-16 16:47:15.070 [INFO] [main] [o.s.d.r.c.RepositoryConfigurationExtensionSupport] - Spring Data Redis - Could not safely identify store assignment for repository candidate interface ku_rum.backend.domain.recruitment.domain.repository.RecruitmentRepository; If you want this repository to be a Redis repository, consider annotating your entities with one of these annotations: org.springframework.data.redis.core.RedisHash (preferred), or consider extending one of the following types with your repository: org.springframework.data.keyvalue.repository.KeyValueRepository
2025-03-16 16:47:15.071 [INFO] [main] [o.s.d.r.c.RepositoryConfigurationExtensionSupport] - Spring Data Redis - Could not safely identify store assignment for repository candidate interface ku_rum.backend.domain.user.domain.repository.UserRepository; If you want this repository to be a Redis repository, consider annotating your entities with one of these annotations: org.springframework.data.redis.core.RedisHash (preferred), or consider extending one of the following types with your repository: org.springframework.data.keyvalue.repository.KeyValueRepository
2025-03-16 16:47:15.071 [INFO] [main] [o.s.d.r.c.RepositoryConfigurationExtensionSupport] - Spring Data Redis - Could not safely identify store assignment for repository candidate interface ku_rum.backend.global.log.domain.repository.ApiLogRepository; If you want this repository to be a Redis repository, consider annotating your entities with one of these annotations: org.springframework.data.redis.core.RedisHash (preferred), or consider extending one of the following types with your repository: org.springframework.data.keyvalue.repository.KeyValueRepository
2025-03-16 16:47:15.072 [INFO] [main] [o.s.d.r.c.RepositoryConfigurationDelegate] - Finished Spring Data repository scanning in 12 ms. Found 0 Redis repository interfaces.
2025-03-16 16:47:15.710 [INFO] [main] [o.s.b.w.e.tomcat.TomcatWebServer] - Tomcat initialized with port 9000 (http)
2025-03-16 16:47:15.716 [INFO] [main] [o.a.coyote.http11.Http11NioProtocol] - Initializing ProtocolHandler ["http-nio-9000"]
2025-03-16 16:47:15.718 [INFO] [main] [o.a.catalina.core.StandardService] - Starting service [Tomcat]
2025-03-16 16:47:15.718 [INFO] [main] [o.a.catalina.core.StandardEngine] - Starting Servlet engine: [Apache Tomcat/10.1.30]
2025-03-16 16:47:15.760 [INFO] [main] [o.a.c.c.C.[Tomcat].[localhost].[/]] - Initializing Spring embedded WebApplicationContext
2025-03-16 16:47:15.760 [INFO] [main] [o.s.b.w.s.c.ServletWebServerApplicationContext] - Root WebApplicationContext: initialization completed in 1511 ms
2025-03-16 16:47:16.269 [INFO] [main] [org.hibernate.Version] - HHH000412: Hibernate ORM core version 6.5.3.Final
2025-03-16 16:47:16.290 [INFO] [main] [o.h.c.i.RegionFactoryInitiator] - HHH000026: Second-level cache disabled
2025-03-16 16:47:16.496 [INFO] [main] [o.s.o.j.p.SpringPersistenceUnitInfo] - No LoadTimeWeaver setup: ignoring JPA class transformer
2025-03-16 16:47:16.526 [INFO] [main] [com.zaxxer.hikari.HikariDataSource] - HikariPool-1 - Starting...
2025-03-16 16:47:16.723 [INFO] [main] [com.zaxxer.hikari.pool.HikariPool] - HikariPool-1 - Added connection com.mysql.cj.jdbc.ConnectionImpl@7afac89a
2025-03-16 16:47:16.724 [INFO] [main] [com.zaxxer.hikari.HikariDataSource] - HikariPool-1 - Start completed.
2025-03-16 16:47:17.444 [INFO] [main] [o.h.e.t.j.p.i.JtaPlatformInitiator] - HHH000489: No JTA platform available (set 'hibernate.transaction.jta.platform' to enable JTA platform integration)
2025-03-16 16:47:17.987 [INFO] [main] [o.s.o.j.LocalContainerEntityManagerFactoryBean] - Initialized JPA EntityManagerFactory for persistence unit 'default'
2025-03-16 16:47:18.286 [INFO] [main] [o.s.d.j.r.query.QueryEnhancerFactory] - Hibernate is in classpath; If applicable, HQL parser will be used.
2025-03-16 16:47:19.196 [INFO] [main] [o.s.s.c.a.a.c.InitializeUserDetailsBeanManagerConfigurer$InitializeUserDetailsManagerConfigurer] - Global AuthenticationManager configured with UserDetailsService bean with name userDetailsService
2025-03-16 16:47:19.530 [INFO] [main] [o.s.b.a.e.web.EndpointLinksResolver] - Exposing 1 endpoint beneath base path '/actuator'
2025-03-16 16:47:20.190 [INFO] [main] [o.a.coyote.http11.Http11NioProtocol] - Starting ProtocolHandler ["http-nio-9000"]
2025-03-16 16:47:20.199 [INFO] [main] [o.s.b.w.e.tomcat.TomcatWebServer] - Tomcat started on port 9000 (http) with context path '/'
2025-03-16 16:47:20.217 [INFO] [main] [ku_rum.backend.BackendApplication] - Started BackendApplication in 6.241 seconds (process running for 6.696)
2025-03-16 16:47:20.540 [INFO] [main] [k.b.g.d.FulltextIndexInitializer] - ✅ FULLTEXT INDEX 추가됨: 테이블=building, 인덱스=name_fulltext_index
2025-03-16 16:47:20.594 [INFO] [main] [k.b.g.d.FulltextIndexInitializer] - ✅ FULLTEXT INDEX 추가됨: 테이블=category, 인덱스=name_fulltext_index
2025-03-16 16:47:20.774 [INFO] [RMI TCP Connection(2)-127.0.0.1] [o.a.c.c.C.[Tomcat].[localhost].[/]] - Initializing Spring DispatcherServlet 'dispatcherServlet'
2025-03-16 16:47:20.774 [INFO] [RMI TCP Connection(2)-127.0.0.1] [o.s.web.servlet.DispatcherServlet] - Initializing Servlet 'dispatcherServlet'
2025-03-16 16:47:20.775 [INFO] [RMI TCP Connection(2)-127.0.0.1] [o.s.web.servlet.DispatcherServlet] - Completed initialization in 1 ms
2025-03-16 16:47:23.123 [INFO] [Async MailExecutor-1] [k.b.d.n.application.NoticeService] - 크롤링 시작: https://www.konkuk.ac.kr/konkuk/2238/subview.do
2025-03-16 16:47:23.187 [INFO] [Async MailExecutor-1] [k.b.d.n.application.NoticeService] - 2024년 공지가 아님: [일반 및 장애학생] 2025학년도 1학기 기초교양 교과목 이수의무 면제 프로그램 신청 안내
2025-03-16 16:47:26.108 [INFO] [Async MailExecutor-1] [k.b.d.n.application.NoticeService] - 크롤링 시작: https://www.konkuk.ac.kr/konkuk/2239/subview.do
2025-03-16 16:47:26.148 [INFO] [Async MailExecutor-1] [k.b.d.n.application.NoticeService] - 2024년 공지가 아님: [기간변경][대청교]2025년도 대학생 청소년교육지원 장학사업 멘토 모집 안내(~3/23(일))
2025-03-16 16:47:28.443 [INFO] [Async MailExecutor-1] [k.b.d.n.application.NoticeService] - 크롤링 시작: https://www.konkuk.ac.kr/konkuk/2240/subview.do
2025-03-16 16:47:28.678 [INFO] [Async MailExecutor-1] [k.b.d.n.application.NoticeService] - 2024년 공지가 아님: [대학일자리+] ★3월 채용설명회, 상담회 안내 (★3월 셋째/넷째주! 한화에어로스페이스, 월드퀀트, 한화생명금융서비스, 신한은행, 법원행정처 등/ 경품 제공)
2025-03-16 16:47:29.041 [INFO] [http-nio-9000-exec-1] [k.b.g.l.i.LoggingInterceptor] - 
 HTTP Method : GET 
 Request URI : /actuator/metrics 
 AccessToken Exist : false 
 Request Body : 
 Request Time : 2025-03-16T16:47:29.023495
 Request IP : 0:0:0:0:0:0:0:1
2025-03-16 16:47:29.516 [INFO] [http-nio-9000-exec-2] [k.b.g.l.i.LoggingInterceptor] - 
 HTTP Method : GET 
 Request URI : /actuator/metrics 
 AccessToken Exist : false 
 Request Body : 
 Request Time : 2025-03-16T16:47:29.506755
 Request IP : 0:0:0:0:0:0:0:1
2025-03-16 16:47:30.618 [INFO] [Async MailExecutor-1] [k.b.d.n.application.NoticeService] - 크롤링 시작: https://www.konkuk.ac.kr/konkuk/2241/subview.do
2025-03-16 16:47:30.661 [INFO] [Async MailExecutor-1] [k.b.d.n.application.NoticeService] - 2024년 공지가 아님: 2025학년도 1학기 해외명사특강 신청 안내(~3.13.(목))
2025-03-16 16:47:31.971 [INFO] [Async MailExecutor-1] [k.b.d.n.application.NoticeService] - 크롤링 시작: https://www.konkuk.ac.kr/konkuk/2242/subview.do
2025-03-16 16:47:32.012 [INFO] [Async MailExecutor-1] [k.b.d.n.application.NoticeService] - 2024년 공지가 아님: 포천시 특별재난지역선포에 따른 예비군훈련 면제 안내
2025-03-16 16:47:33.587 [INFO] [Async MailExecutor-1] [k.b.d.n.application.NoticeService] - 크롤링 시작: https://www.konkuk.ac.kr/konkuk/2244/subview.do
2025-03-16 16:47:33.631 [INFO] [Async MailExecutor-1] [k.b.d.n.application.NoticeService] - 2024년 공지가 아님: 무료 법률상담 프로그램 이용 안내
2025-03-16 16:47:35.357 [INFO] [Async MailExecutor-1] [k.b.d.n.application.NoticeService] - 크롤링 시작: https://www.konkuk.ac.kr/konkuk/19329/subview.do
2025-03-16 16:47:35.391 [INFO] [Async MailExecutor-1] [k.b.d.n.application.NoticeService] - 2024년 공지가 아님: 2025년도 인문사회분야 석사/박사과정생연구장려금 지원사업 신청 안내
2025-03-16 16:47:37.190 [INFO] [Async MailExecutor-1] [k.b.d.n.application.NoticeService] - 크롤링 시작: https://www.konkuk.ac.kr/konkuk/19564/subview.do
2025-03-16 16:47:37.228 [INFO] [Async MailExecutor-1] [k.b.d.n.application.NoticeService] - 2024년 공지가 아님: 언어교육원 행정조교(오후근무) 모집
2025-03-16 16:49:39.421 [INFO] [SpringApplicationShutdownHook] [o.s.o.j.LocalContainerEntityManagerFactoryBean] - Closing JPA EntityManagerFactory for persistence unit 'default'
2025-03-16 16:49:39.425 [INFO] [SpringApplicationShutdownHook] [com.zaxxer.hikari.HikariDataSource] - HikariPool-1 - Shutdown initiated...
2025-03-16 16:49:39.440 [INFO] [SpringApplicationShutdownHook] [com.zaxxer.hikari.HikariDataSource] - HikariPool-1 - Shutdown completed.
2025-03-16 16:49:42.135 [INFO] [background-preinit] [o.h.validator.internal.util.Version] - HV000001: Hibernate Validator 8.0.1.Final
2025-03-16 16:49:42.165 [INFO] [main] [ku_rum.backend.BackendApplication] - Starting BackendApplication using Java 17.0.14 with PID 83975 (/Users/hyerimac/Desktop/dev/kurum/backend/build/classes/java/main started by hyerimac in /Users/hyerimac/Desktop/dev/kurum/backend)
2025-03-16 16:49:42.166 [INFO] [main] [ku_rum.backend.BackendApplication] - The following 3 profiles are active: "local", "port-local", "oauth"
2025-03-16 16:49:42.869 [INFO] [main] [o.s.d.r.c.RepositoryConfigurationDelegate] - Multiple Spring Data modules found, entering strict repository configuration mode
2025-03-16 16:49:42.870 [INFO] [main] [o.s.d.r.c.RepositoryConfigurationDelegate] - Bootstrapping Spring Data JPA repositories in DEFAULT mode.
2025-03-16 16:49:42.982 [INFO] [main] [o.s.d.r.c.RepositoryConfigurationDelegate] - Finished Spring Data repository scanning in 103 ms. Found 11 JPA repository interfaces.
2025-03-16 16:49:42.990 [INFO] [main] [o.s.d.r.c.RepositoryConfigurationDelegate] - Multiple Spring Data modules found, entering strict repository configuration mode
2025-03-16 16:49:42.991 [INFO] [main] [o.s.d.r.c.RepositoryConfigurationDelegate] - Bootstrapping Spring Data Redis repositories in DEFAULT mode.
2025-03-16 16:49:43.003 [INFO] [main] [o.s.d.r.c.RepositoryConfigurationExtensionSupport] - Spring Data Redis - Could not safely identify store assignment for repository candidate interface ku_rum.backend.domain.bookmark.domain.repository.BookmarkRepository; If you want this repository to be a Redis repository, consider annotating your entities with one of these annotations: org.springframework.data.redis.core.RedisHash (preferred), or consider extending one of the following types with your repository: org.springframework.data.keyvalue.repository.KeyValueRepository
2025-03-16 16:49:43.003 [INFO] [main] [o.s.d.r.c.RepositoryConfigurationExtensionSupport] - Spring Data Redis - Could not safely identify store assignment for repository candidate interface ku_rum.backend.domain.building.domain.repository.BuildingRepository; If you want this repository to be a Redis repository, consider annotating your entities with one of these annotations: org.springframework.data.redis.core.RedisHash (preferred), or consider extending one of the following types with your repository: org.springframework.data.keyvalue.repository.KeyValueRepository
2025-03-16 16:49:43.003 [INFO] [main] [o.s.d.r.c.RepositoryConfigurationExtensionSupport] - Spring Data Redis - Could not safely identify store assignment for repository candidate interface ku_rum.backend.domain.category.domain.repository.BuildingCategoryRepository; If you want this repository to be a Redis repository, consider annotating your entities with one of these annotations: org.springframework.data.redis.core.RedisHash (preferred), or consider extending one of the following types with your repository: org.springframework.data.keyvalue.repository.KeyValueRepository
2025-03-16 16:49:43.003 [INFO] [main] [o.s.d.r.c.RepositoryConfigurationExtensionSupport] - Spring Data Redis - Could not safely identify store assignment for repository candidate interface ku_rum.backend.domain.category.domain.repository.CategoryRepository; If you want this repository to be a Redis repository, consider annotating your entities with one of these annotations: org.springframework.data.redis.core.RedisHash (preferred), or consider extending one of the following types with your repository: org.springframework.data.keyvalue.repository.KeyValueRepository
2025-03-16 16:49:43.004 [INFO] [main] [o.s.d.r.c.RepositoryConfigurationExtensionSupport] - Spring Data Redis - Could not safely identify store assignment for repository candidate interface ku_rum.backend.domain.department.domain.repository.DepartmentRepository; If you want this repository to be a Redis repository, consider annotating your entities with one of these annotations: org.springframework.data.redis.core.RedisHash (preferred), or consider extending one of the following types with your repository: org.springframework.data.keyvalue.repository.KeyValueRepository
2025-03-16 16:49:43.004 [INFO] [main] [o.s.d.r.c.RepositoryConfigurationExtensionSupport] - Spring Data Redis - Could not safely identify store assignment for repository candidate interface ku_rum.backend.domain.friend.domain.repository.FriendRepository; If you want this repository to be a Redis repository, consider annotating your entities with one of these annotations: org.springframework.data.redis.core.RedisHash (preferred), or consider extending one of the following types with your repository: org.springframework.data.keyvalue.repository.KeyValueRepository
2025-03-16 16:49:43.004 [INFO] [main] [o.s.d.r.c.RepositoryConfigurationExtensionSupport] - Spring Data Redis - Could not safely identify store assignment for repository candidate interface ku_rum.backend.domain.menu.domain.repository.MenuRepository; If you want this repository to be a Redis repository, consider annotating your entities with one of these annotations: org.springframework.data.redis.core.RedisHash (preferred), or consider extending one of the following types with your repository: org.springframework.data.keyvalue.repository.KeyValueRepository
2025-03-16 16:49:43.004 [INFO] [main] [o.s.d.r.c.RepositoryConfigurationExtensionSupport] - Spring Data Redis - Could not safely identify store assignment for repository candidate interface ku_rum.backend.domain.notice.domain.repository.NoticeRepository; If you want this repository to be a Redis repository, consider annotating your entities with one of these annotations: org.springframework.data.redis.core.RedisHash (preferred), or consider extending one of the following types with your repository: org.springframework.data.keyvalue.repository.KeyValueRepository
2025-03-16 16:49:43.004 [INFO] [main] [o.s.d.r.c.RepositoryConfigurationExtensionSupport] - Spring Data Redis - Could not safely identify store assignment for repository candidate interface ku_rum.backend.domain.recruitment.domain.repository.RecruitmentRepository; If you want this repository to be a Redis repository, consider annotating your entities with one of these annotations: org.springframework.data.redis.core.RedisHash (preferred), or consider extending one of the following types with your repository: org.springframework.data.keyvalue.repository.KeyValueRepository
2025-03-16 16:49:43.005 [INFO] [main] [o.s.d.r.c.RepositoryConfigurationExtensionSupport] - Spring Data Redis - Could not safely identify store assignment for repository candidate interface ku_rum.backend.domain.user.domain.repository.UserRepository; If you want this repository to be a Redis repository, consider annotating your entities with one of these annotations: org.springframework.data.redis.core.RedisHash (preferred), or consider extending one of the following types with your repository: org.springframework.data.keyvalue.repository.KeyValueRepository
2025-03-16 16:49:43.005 [INFO] [main] [o.s.d.r.c.RepositoryConfigurationExtensionSupport] - Spring Data Redis - Could not safely identify store assignment for repository candidate interface ku_rum.backend.global.log.domain.repository.ApiLogRepository; If you want this repository to be a Redis repository, consider annotating your entities with one of these annotations: org.springframework.data.redis.core.RedisHash (preferred), or consider extending one of the following types with your repository: org.springframework.data.keyvalue.repository.KeyValueRepository
2025-03-16 16:49:43.005 [INFO] [main] [o.s.d.r.c.RepositoryConfigurationDelegate] - Finished Spring Data repository scanning in 10 ms. Found 0 Redis repository interfaces.
2025-03-16 16:49:43.575 [INFO] [main] [o.s.b.w.e.tomcat.TomcatWebServer] - Tomcat initialized with port 9000 (http)
2025-03-16 16:49:43.581 [INFO] [main] [o.a.coyote.http11.Http11NioProtocol] - Initializing ProtocolHandler ["http-nio-9000"]
2025-03-16 16:49:43.583 [INFO] [main] [o.a.catalina.core.StandardService] - Starting service [Tomcat]
2025-03-16 16:49:43.584 [INFO] [main] [o.a.catalina.core.StandardEngine] - Starting Servlet engine: [Apache Tomcat/10.1.30]
2025-03-16 16:49:43.634 [INFO] [main] [o.a.c.c.C.[Tomcat].[localhost].[/]] - Initializing Spring embedded WebApplicationContext
2025-03-16 16:49:43.634 [INFO] [main] [o.s.b.w.s.c.ServletWebServerApplicationContext] - Root WebApplicationContext: initialization completed in 1428 ms
2025-03-16 16:49:44.119 [INFO] [main] [org.hibernate.Version] - HHH000412: Hibernate ORM core version 6.5.3.Final
2025-03-16 16:49:44.136 [INFO] [main] [o.h.c.i.RegionFactoryInitiator] - HHH000026: Second-level cache disabled
2025-03-16 16:49:44.303 [INFO] [main] [o.s.o.j.p.SpringPersistenceUnitInfo] - No LoadTimeWeaver setup: ignoring JPA class transformer
2025-03-16 16:49:44.321 [INFO] [main] [com.zaxxer.hikari.HikariDataSource] - HikariPool-1 - Starting...
2025-03-16 16:49:44.509 [INFO] [main] [com.zaxxer.hikari.pool.HikariPool] - HikariPool-1 - Added connection com.mysql.cj.jdbc.ConnectionImpl@4d4337f9
2025-03-16 16:49:44.510 [INFO] [main] [com.zaxxer.hikari.HikariDataSource] - HikariPool-1 - Start completed.
2025-03-16 16:49:45.209 [INFO] [main] [o.h.e.t.j.p.i.JtaPlatformInitiator] - HHH000489: No JTA platform available (set 'hibernate.transaction.jta.platform' to enable JTA platform integration)
2025-03-16 16:49:45.712 [INFO] [main] [o.s.o.j.LocalContainerEntityManagerFactoryBean] - Initialized JPA EntityManagerFactory for persistence unit 'default'
2025-03-16 16:49:46.010 [INFO] [main] [o.s.d.j.r.query.QueryEnhancerFactory] - Hibernate is in classpath; If applicable, HQL parser will be used.
2025-03-16 16:49:46.927 [INFO] [main] [o.s.s.c.a.a.c.InitializeUserDetailsBeanManagerConfigurer$InitializeUserDetailsManagerConfigurer] - Global AuthenticationManager configured with UserDetailsService bean with name userDetailsService
2025-03-16 16:49:47.241 [INFO] [main] [o.s.b.a.e.web.EndpointLinksResolver] - Exposing 14 endpoints beneath base path '/actuator'
2025-03-16 16:49:47.916 [INFO] [main] [o.a.coyote.http11.Http11NioProtocol] - Starting ProtocolHandler ["http-nio-9000"]
2025-03-16 16:49:47.924 [INFO] [main] [o.s.b.w.e.tomcat.TomcatWebServer] - Tomcat started on port 9000 (http) with context path '/'
2025-03-16 16:49:47.943 [INFO] [main] [ku_rum.backend.BackendApplication] - Started BackendApplication in 6.021 seconds (process running for 6.899)
2025-03-16 16:49:48.314 [INFO] [main] [k.b.g.d.FulltextIndexInitializer] - ✅ FULLTEXT INDEX 추가됨: 테이블=building, 인덱스=name_fulltext_index
2025-03-16 16:49:48.369 [INFO] [RMI TCP Connection(4)-127.0.0.1] [o.a.c.c.C.[Tomcat].[localhost].[/]] - Initializing Spring DispatcherServlet 'dispatcherServlet'
2025-03-16 16:49:48.369 [INFO] [RMI TCP Connection(4)-127.0.0.1] [o.s.web.servlet.DispatcherServlet] - Initializing Servlet 'dispatcherServlet'
2025-03-16 16:49:48.372 [INFO] [RMI TCP Connection(4)-127.0.0.1] [o.s.web.servlet.DispatcherServlet] - Completed initialization in 3 ms
2025-03-16 16:49:48.413 [INFO] [main] [k.b.g.d.FulltextIndexInitializer] - ✅ FULLTEXT INDEX 추가됨: 테이블=category, 인덱스=name_fulltext_index
2025-03-16 16:49:51.014 [INFO] [Async MailExecutor-1] [k.b.d.n.application.NoticeService] - 크롤링 시작: https://www.konkuk.ac.kr/konkuk/2238/subview.do
2025-03-16 16:49:51.089 [INFO] [Async MailExecutor-1] [k.b.d.n.application.NoticeService] - 2024년 공지가 아님: [일반 및 장애학생] 2025학년도 1학기 기초교양 교과목 이수의무 면제 프로그램 신청 안내
2025-03-16 16:49:54.018 [INFO] [Async MailExecutor-1] [k.b.d.n.application.NoticeService] - 크롤링 시작: https://www.konkuk.ac.kr/konkuk/2239/subview.do
2025-03-16 16:49:54.075 [INFO] [Async MailExecutor-1] [k.b.d.n.application.NoticeService] - 2024년 공지가 아님: [기간변경][대청교]2025년도 대학생 청소년교육지원 장학사업 멘토 모집 안내(~3/23(일))
2025-03-16 16:49:55.674 [INFO] [Async MailExecutor-1] [k.b.d.n.application.NoticeService] - 크롤링 시작: https://www.konkuk.ac.kr/konkuk/2240/subview.do
2025-03-16 16:49:55.727 [INFO] [Async MailExecutor-1] [k.b.d.n.application.NoticeService] - 2024년 공지가 아님: [대학일자리+] ★3월 채용설명회, 상담회 안내 (★3월 셋째/넷째주! 한화에어로스페이스, 월드퀀트, 한화생명금융서비스, 신한은행, 법원행정처 등/ 경품 제공)
2025-03-16 16:49:58.533 [INFO] [Async MailExecutor-1] [k.b.d.n.application.NoticeService] - 크롤링 시작: https://www.konkuk.ac.kr/konkuk/2241/subview.do
2025-03-16 16:49:58.580 [INFO] [Async MailExecutor-1] [k.b.d.n.application.NoticeService] - 2024년 공지가 아님: 2025학년도 1학기 해외명사특강 신청 안내(~3.13.(목))
2025-03-16 16:50:00.964 [INFO] [Async MailExecutor-1] [k.b.d.n.application.NoticeService] - 크롤링 시작: https://www.konkuk.ac.kr/konkuk/2242/subview.do
2025-03-16 16:50:01.161 [INFO] [Async MailExecutor-1] [k.b.d.n.application.NoticeService] - 2024년 공지가 아님: 포천시 특별재난지역선포에 따른 예비군훈련 면제 안내
2025-03-16 16:50:03.259 [INFO] [Async MailExecutor-1] [k.b.d.n.application.NoticeService] - 크롤링 시작: https://www.konkuk.ac.kr/konkuk/2244/subview.do
2025-03-16 16:50:03.305 [INFO] [Async MailExecutor-1] [k.b.d.n.application.NoticeService] - 2024년 공지가 아님: 무료 법률상담 프로그램 이용 안내
2025-03-16 16:50:05.473 [INFO] [Async MailExecutor-1] [k.b.d.n.application.NoticeService] - 크롤링 시작: https://www.konkuk.ac.kr/konkuk/19329/subview.do
2025-03-16 16:50:05.508 [INFO] [Async MailExecutor-1] [k.b.d.n.application.NoticeService] - 2024년 공지가 아님: 2025년도 인문사회분야 석사/박사과정생연구장려금 지원사업 신청 안내
2025-03-16 16:50:07.557 [INFO] [Async MailExecutor-1] [k.b.d.n.application.NoticeService] - 크롤링 시작: https://www.konkuk.ac.kr/konkuk/19564/subview.do
2025-03-16 16:50:07.597 [INFO] [Async MailExecutor-1] [k.b.d.n.application.NoticeService] - 2024년 공지가 아님: 언어교육원 행정조교(오후근무) 모집
2025-03-16 16:52:25.011 [INFO] [SpringApplicationShutdownHook] [o.s.o.j.LocalContainerEntityManagerFactoryBean] - Closing JPA EntityManagerFactory for persistence unit 'default'
2025-03-16 16:52:25.016 [INFO] [SpringApplicationShutdownHook] [com.zaxxer.hikari.HikariDataSource] - HikariPool-1 - Shutdown initiated...
2025-03-16 16:52:25.092 [INFO] [SpringApplicationShutdownHook] [com.zaxxer.hikari.HikariDataSource] - HikariPool-1 - Shutdown completed.
2025-03-16 16:52:31.095 [INFO] [background-preinit] [o.h.validator.internal.util.Version] - HV000001: Hibernate Validator 8.0.1.Final
2025-03-16 16:52:31.306 [INFO] [main] [ku_rum.backend.BackendApplication] - Starting BackendApplication using Java 17.0.14 with PID 85768 (/Users/hyerimac/Desktop/dev/kurum/backend/build/classes/java/main started by hyerimac in /Users/hyerimac/Desktop/dev/kurum/backend)
2025-03-16 16:52:31.309 [INFO] [main] [ku_rum.backend.BackendApplication] - The following 3 profiles are active: "local", "port-local", "oauth"
2025-03-16 16:52:32.262 [INFO] [main] [o.s.d.r.c.RepositoryConfigurationDelegate] - Multiple Spring Data modules found, entering strict repository configuration mode
2025-03-16 16:52:32.263 [INFO] [main] [o.s.d.r.c.RepositoryConfigurationDelegate] - Bootstrapping Spring Data JPA repositories in DEFAULT mode.
2025-03-16 16:52:32.387 [INFO] [main] [o.s.d.r.c.RepositoryConfigurationDelegate] - Finished Spring Data repository scanning in 114 ms. Found 11 JPA repository interfaces.
2025-03-16 16:52:32.398 [INFO] [main] [o.s.d.r.c.RepositoryConfigurationDelegate] - Multiple Spring Data modules found, entering strict repository configuration mode
2025-03-16 16:52:32.399 [INFO] [main] [o.s.d.r.c.RepositoryConfigurationDelegate] - Bootstrapping Spring Data Redis repositories in DEFAULT mode.
2025-03-16 16:52:32.413 [INFO] [main] [o.s.d.r.c.RepositoryConfigurationExtensionSupport] - Spring Data Redis - Could not safely identify store assignment for repository candidate interface ku_rum.backend.domain.bookmark.domain.repository.BookmarkRepository; If you want this repository to be a Redis repository, consider annotating your entities with one of these annotations: org.springframework.data.redis.core.RedisHash (preferred), or consider extending one of the following types with your repository: org.springframework.data.keyvalue.repository.KeyValueRepository
2025-03-16 16:52:32.413 [INFO] [main] [o.s.d.r.c.RepositoryConfigurationExtensionSupport] - Spring Data Redis - Could not safely identify store assignment for repository candidate interface ku_rum.backend.domain.building.domain.repository.BuildingRepository; If you want this repository to be a Redis repository, consider annotating your entities with one of these annotations: org.springframework.data.redis.core.RedisHash (preferred), or consider extending one of the following types with your repository: org.springframework.data.keyvalue.repository.KeyValueRepository
2025-03-16 16:52:32.413 [INFO] [main] [o.s.d.r.c.RepositoryConfigurationExtensionSupport] - Spring Data Redis - Could not safely identify store assignment for repository candidate interface ku_rum.backend.domain.category.domain.repository.BuildingCategoryRepository; If you want this repository to be a Redis repository, consider annotating your entities with one of these annotations: org.springframework.data.redis.core.RedisHash (preferred), or consider extending one of the following types with your repository: org.springframework.data.keyvalue.repository.KeyValueRepository
2025-03-16 16:52:32.413 [INFO] [main] [o.s.d.r.c.RepositoryConfigurationExtensionSupport] - Spring Data Redis - Could not safely identify store assignment for repository candidate interface ku_rum.backend.domain.category.domain.repository.CategoryRepository; If you want this repository to be a Redis repository, consider annotating your entities with one of these annotations: org.springframework.data.redis.core.RedisHash (preferred), or consider extending one of the following types with your repository: org.springframework.data.keyvalue.repository.KeyValueRepository
2025-03-16 16:52:32.414 [INFO] [main] [o.s.d.r.c.RepositoryConfigurationExtensionSupport] - Spring Data Redis - Could not safely identify store assignment for repository candidate interface ku_rum.backend.domain.department.domain.repository.DepartmentRepository; If you want this repository to be a Redis repository, consider annotating your entities with one of these annotations: org.springframework.data.redis.core.RedisHash (preferred), or consider extending one of the following types with your repository: org.springframework.data.keyvalue.repository.KeyValueRepository
2025-03-16 16:52:32.414 [INFO] [main] [o.s.d.r.c.RepositoryConfigurationExtensionSupport] - Spring Data Redis - Could not safely identify store assignment for repository candidate interface ku_rum.backend.domain.friend.domain.repository.FriendRepository; If you want this repository to be a Redis repository, consider annotating your entities with one of these annotations: org.springframework.data.redis.core.RedisHash (preferred), or consider extending one of the following types with your repository: org.springframework.data.keyvalue.repository.KeyValueRepository
2025-03-16 16:52:32.414 [INFO] [main] [o.s.d.r.c.RepositoryConfigurationExtensionSupport] - Spring Data Redis - Could not safely identify store assignment for repository candidate interface ku_rum.backend.domain.menu.domain.repository.MenuRepository; If you want this repository to be a Redis repository, consider annotating your entities with one of these annotations: org.springframework.data.redis.core.RedisHash (preferred), or consider extending one of the following types with your repository: org.springframework.data.keyvalue.repository.KeyValueRepository
2025-03-16 16:52:32.414 [INFO] [main] [o.s.d.r.c.RepositoryConfigurationExtensionSupport] - Spring Data Redis - Could not safely identify store assignment for repository candidate interface ku_rum.backend.domain.notice.domain.repository.NoticeRepository; If you want this repository to be a Redis repository, consider annotating your entities with one of these annotations: org.springframework.data.redis.core.RedisHash (preferred), or consider extending one of the following types with your repository: org.springframework.data.keyvalue.repository.KeyValueRepository
2025-03-16 16:52:32.414 [INFO] [main] [o.s.d.r.c.RepositoryConfigurationExtensionSupport] - Spring Data Redis - Could not safely identify store assignment for repository candidate interface ku_rum.backend.domain.recruitment.domain.repository.RecruitmentRepository; If you want this repository to be a Redis repository, consider annotating your entities with one of these annotations: org.springframework.data.redis.core.RedisHash (preferred), or consider extending one of the following types with your repository: org.springframework.data.keyvalue.repository.KeyValueRepository
2025-03-16 16:52:32.415 [INFO] [main] [o.s.d.r.c.RepositoryConfigurationExtensionSupport] - Spring Data Redis - Could not safely identify store assignment for repository candidate interface ku_rum.backend.domain.user.domain.repository.UserRepository; If you want this repository to be a Redis repository, consider annotating your entities with one of these annotations: org.springframework.data.redis.core.RedisHash (preferred), or consider extending one of the following types with your repository: org.springframework.data.keyvalue.repository.KeyValueRepository
2025-03-16 16:52:32.415 [INFO] [main] [o.s.d.r.c.RepositoryConfigurationExtensionSupport] - Spring Data Redis - Could not safely identify store assignment for repository candidate interface ku_rum.backend.global.log.domain.repository.ApiLogRepository; If you want this repository to be a Redis repository, consider annotating your entities with one of these annotations: org.springframework.data.redis.core.RedisHash (preferred), or consider extending one of the following types with your repository: org.springframework.data.keyvalue.repository.KeyValueRepository
2025-03-16 16:52:32.415 [INFO] [main] [o.s.d.r.c.RepositoryConfigurationDelegate] - Finished Spring Data repository scanning in 11 ms. Found 0 Redis repository interfaces.
2025-03-16 16:52:33.018 [INFO] [main] [o.s.b.w.e.tomcat.TomcatWebServer] - Tomcat initialized with port 9000 (http)
2025-03-16 16:52:33.024 [INFO] [main] [o.a.coyote.http11.Http11NioProtocol] - Initializing ProtocolHandler ["http-nio-9000"]
2025-03-16 16:52:33.026 [INFO] [main] [o.a.catalina.core.StandardService] - Starting service [Tomcat]
2025-03-16 16:52:33.027 [INFO] [main] [o.a.catalina.core.StandardEngine] - Starting Servlet engine: [Apache Tomcat/10.1.30]
2025-03-16 16:52:33.069 [INFO] [main] [o.a.c.c.C.[Tomcat].[localhost].[/]] - Initializing Spring embedded WebApplicationContext
2025-03-16 16:52:33.069 [INFO] [main] [o.s.b.w.s.c.ServletWebServerApplicationContext] - Root WebApplicationContext: initialization completed in 1688 ms
2025-03-16 16:52:33.573 [INFO] [main] [org.hibernate.Version] - HHH000412: Hibernate ORM core version 6.5.3.Final
2025-03-16 16:52:33.590 [INFO] [main] [o.h.c.i.RegionFactoryInitiator] - HHH000026: Second-level cache disabled
2025-03-16 16:52:33.764 [INFO] [main] [o.s.o.j.p.SpringPersistenceUnitInfo] - No LoadTimeWeaver setup: ignoring JPA class transformer
2025-03-16 16:52:33.783 [INFO] [main] [com.zaxxer.hikari.HikariDataSource] - HikariPool-1 - Starting...
2025-03-16 16:52:33.990 [INFO] [main] [com.zaxxer.hikari.pool.HikariPool] - HikariPool-1 - Added connection com.mysql.cj.jdbc.ConnectionImpl@1bd6bfb0
2025-03-16 16:52:33.991 [INFO] [main] [com.zaxxer.hikari.HikariDataSource] - HikariPool-1 - Start completed.
2025-03-16 16:52:34.716 [INFO] [main] [o.h.e.t.j.p.i.JtaPlatformInitiator] - HHH000489: No JTA platform available (set 'hibernate.transaction.jta.platform' to enable JTA platform integration)
2025-03-16 16:52:35.326 [INFO] [main] [o.s.o.j.LocalContainerEntityManagerFactoryBean] - Initialized JPA EntityManagerFactory for persistence unit 'default'
2025-03-16 16:52:35.670 [INFO] [main] [o.s.d.j.r.query.QueryEnhancerFactory] - Hibernate is in classpath; If applicable, HQL parser will be used.
2025-03-16 16:52:36.630 [INFO] [main] [o.s.s.c.a.a.c.InitializeUserDetailsBeanManagerConfigurer$InitializeUserDetailsManagerConfigurer] - Global AuthenticationManager configured with UserDetailsService bean with name userDetailsService
2025-03-16 16:52:37.029 [INFO] [main] [o.s.b.a.e.web.EndpointLinksResolver] - Exposing 15 endpoints beneath base path '/actuator'
2025-03-16 16:52:37.689 [INFO] [main] [o.a.coyote.http11.Http11NioProtocol] - Starting ProtocolHandler ["http-nio-9000"]
2025-03-16 16:52:37.698 [INFO] [main] [o.s.b.w.e.tomcat.TomcatWebServer] - Tomcat started on port 9000 (http) with context path '/'
2025-03-16 16:52:37.716 [INFO] [main] [ku_rum.backend.BackendApplication] - Started BackendApplication in 7.066 seconds (process running for 8.212)
2025-03-16 16:52:38.064 [INFO] [main] [k.b.g.d.FulltextIndexInitializer] - ✅ FULLTEXT INDEX 추가됨: 테이블=building, 인덱스=name_fulltext_index
2025-03-16 16:52:38.135 [INFO] [main] [k.b.g.d.FulltextIndexInitializer] - ✅ FULLTEXT INDEX 추가됨: 테이블=category, 인덱스=name_fulltext_index
2025-03-16 16:52:38.220 [INFO] [RMI TCP Connection(2)-127.0.0.1] [o.a.c.c.C.[Tomcat].[localhost].[/]] - Initializing Spring DispatcherServlet 'dispatcherServlet'
2025-03-16 16:52:38.220 [INFO] [RMI TCP Connection(2)-127.0.0.1] [o.s.web.servlet.DispatcherServlet] - Initializing Servlet 'dispatcherServlet'
2025-03-16 16:52:38.222 [INFO] [RMI TCP Connection(2)-127.0.0.1] [o.s.web.servlet.DispatcherServlet] - Completed initialization in 2 ms
2025-03-16 16:52:40.868 [INFO] [Async MailExecutor-1] [k.b.d.n.application.NoticeService] - 크롤링 시작: https://www.konkuk.ac.kr/konkuk/2238/subview.do
2025-03-16 16:52:40.933 [INFO] [Async MailExecutor-1] [k.b.d.n.application.NoticeService] - 2024년 공지가 아님: [일반 및 장애학생] 2025학년도 1학기 기초교양 교과목 이수의무 면제 프로그램 신청 안내
2025-03-16 16:52:43.532 [INFO] [Async MailExecutor-1] [k.b.d.n.application.NoticeService] - 크롤링 시작: https://www.konkuk.ac.kr/konkuk/2239/subview.do
2025-03-16 16:52:43.591 [INFO] [Async MailExecutor-1] [k.b.d.n.application.NoticeService] - 2024년 공지가 아님: [기간변경][대청교]2025년도 대학생 청소년교육지원 장학사업 멘토 모집 안내(~3/23(일))
2025-03-16 16:52:46.360 [INFO] [Async MailExecutor-1] [k.b.d.n.application.NoticeService] - 크롤링 시작: https://www.konkuk.ac.kr/konkuk/2240/subview.do
2025-03-16 16:52:46.420 [INFO] [Async MailExecutor-1] [k.b.d.n.application.NoticeService] - 2024년 공지가 아님: [대학일자리+] ★3월 채용설명회, 상담회 안내 (★3월 셋째/넷째주! 한화에어로스페이스, 월드퀀트, 한화생명금융서비스, 신한은행, 법원행정처 등/ 경품 제공)
2025-03-16 16:52:48.545 [INFO] [Async MailExecutor-1] [k.b.d.n.application.NoticeService] - 크롤링 시작: https://www.konkuk.ac.kr/konkuk/2241/subview.do
2025-03-16 16:52:48.757 [INFO] [Async MailExecutor-1] [k.b.d.n.application.NoticeService] - 2024년 공지가 아님: 2025학년도 1학기 해외명사특강 신청 안내(~3.13.(목))
2025-03-16 16:52:50.294 [INFO] [Async MailExecutor-1] [k.b.d.n.application.NoticeService] - 크롤링 시작: https://www.konkuk.ac.kr/konkuk/2242/subview.do
2025-03-16 16:52:50.360 [INFO] [Async MailExecutor-1] [k.b.d.n.application.NoticeService] - 2024년 공지가 아님: 포천시 특별재난지역선포에 따른 예비군훈련 면제 안내
2025-03-16 16:52:51.667 [INFO] [Async MailExecutor-1] [k.b.d.n.application.NoticeService] - 크롤링 시작: https://www.konkuk.ac.kr/konkuk/2244/subview.do
2025-03-16 16:52:51.725 [INFO] [Async MailExecutor-1] [k.b.d.n.application.NoticeService] - 2024년 공지가 아님: 무료 법률상담 프로그램 이용 안내
2025-03-16 16:52:54.007 [INFO] [Async MailExecutor-1] [k.b.d.n.application.NoticeService] - 크롤링 시작: https://www.konkuk.ac.kr/konkuk/19329/subview.do
2025-03-16 16:52:54.316 [INFO] [Async MailExecutor-1] [k.b.d.n.application.NoticeService] - 2024년 공지가 아님: 2025년도 인문사회분야 석사/박사과정생연구장려금 지원사업 신청 안내
2025-03-16 16:52:57.028 [INFO] [Async MailExecutor-1] [k.b.d.n.application.NoticeService] - 크롤링 시작: https://www.konkuk.ac.kr/konkuk/19564/subview.do
2025-03-16 16:52:57.088 [INFO] [Async MailExecutor-1] [k.b.d.n.application.NoticeService] - 2024년 공지가 아님: 언어교육원 행정조교(오후근무) 모집
2025-03-16 16:54:15.350 [INFO] [http-nio-9000-exec-8] [o.a.coyote.http11.Http11Processor] - Error parsing HTTP request header
 Note: further occurrences of HTTP request parsing errors will be logged at DEBUG level.
java.lang.IllegalArgumentException: Invalid character found in method name [0x160x030x010x000xf70x010x000x000xf30x030x030x81r0xc30xa70x0a0xb50xf90xf10x190x0c|0xe70x91`.0xa8@0x8d0xb1Q0x8d!0xd90xc4*0xe30x930x150x1e0x09E0x80 ]. HTTP method names must be tokens
	at org.apache.coyote.http11.Http11InputBuffer.parseRequestLine(Http11InputBuffer.java:407)
	at org.apache.coyote.http11.Http11Processor.service(Http11Processor.java:257)
	at org.apache.coyote.AbstractProcessorLight.process(AbstractProcessorLight.java:63)
	at org.apache.coyote.AbstractProtocol$ConnectionHandler.process(AbstractProtocol.java:905)
	at org.apache.tomcat.util.net.NioEndpoint$SocketProcessor.doRun(NioEndpoint.java:1741)
	at org.apache.tomcat.util.net.SocketProcessorBase.run(SocketProcessorBase.java:52)
	at org.apache.tomcat.util.threads.ThreadPoolExecutor.runWorker(ThreadPoolExecutor.java:1190)
	at org.apache.tomcat.util.threads.ThreadPoolExecutor$Worker.run(ThreadPoolExecutor.java:659)
	at org.apache.tomcat.util.threads.TaskThread$WrappingRunnable.run(TaskThread.java:63)
	at java.base/java.lang.Thread.run(Thread.java:840)
2025-03-16 16:54:31.226 [INFO] [http-nio-9000-exec-9] [k.b.g.l.i.LoggingInterceptor] - 
 HTTP Method : POST 
 Request URI : /api/v1/users 
 AccessToken Exist : false 
 Request Body : {"email":"haerizian10@gmail.com","loginId":"kuuser123","password":"Password123","studentId":"202312345","department":"컴퓨터공학부","nickname":"구름이","agreementStatus":"AGREE"}
 Request Time : 2025-03-16T16:54:31.194206
 Request IP : 0:0:0:0:0:0:0:1
2025-03-16 16:55:48.307 [INFO] [http-nio-9000-exec-2] [k.b.g.l.i.LoggingInterceptor] - 
 HTTP Method : POST 
 Request URI : /api/v1/users 
 AccessToken Exist : false 
 Request Body : {"email":"haerizian10@gmail.com","loginId":"kuuser123","password":"Password123","studentId":"202312345","department":"컴퓨터공학부","nickname":"구름이","agreementStatus":"AGREED"}
 Request Time : 2025-03-16T16:55:48.298810
 Request IP : 0:0:0:0:0:0:0:1
2025-03-16 17:00:44.096 [INFO] [SpringApplicationShutdownHook] [o.s.o.j.LocalContainerEntityManagerFactoryBean] - Closing JPA EntityManagerFactory for persistence unit 'default'
2025-03-16 17:00:44.100 [INFO] [SpringApplicationShutdownHook] [com.zaxxer.hikari.HikariDataSource] - HikariPool-1 - Shutdown initiated...
2025-03-16 17:00:44.111 [INFO] [SpringApplicationShutdownHook] [com.zaxxer.hikari.HikariDataSource] - HikariPool-1 - Shutdown completed.
